"Object Count","Layer Name","Object Name","Object ID","Object Category","Object Type","Attribute Keys","Attribute Texts","Object Keys","Object Texts"
"1","centres","","00190ae6-fee6-422b-992d-643a787ee775","point","17655.119164,21256.277108,0.000000","","","",""
"2","centres","","0029427f-f50e-4999-a81f-e8ee0870931f","point","16669.264746,20140.752568,0.000000","","","",""
"3","centres","","00d8eb48-e43d-47ae-8be5-a4dc04ce7fea","point","19359.870211,20946.071722,0.000000","","","",""
"4","centres","","00f987d0-ebba-47c0-b5ad-8c9a1a11ab38","point","15337.681911,20981.271532,0.000000","","","",""
"5","centres","","01b3c1e9-dd7f-4fb2-a259-2ad21b9a8f35","point","17261.799417,19210.222040,0.000000","","","",""
"6","centres","","01bd7498-c35d-497f-a47e-499ed2fe5ffa","point","16105.794643,19092.572533,0.000000","","","",""
"7","centres","","021c13e9-9614-4aa6-9eef-3c8a424eee91","point","14794.056362,21211.522525,0.000000","","","",""
"8","centres","","022e2890-c173-4fdd-9cf7-d0b871e80fec","point","16386.732474,20361.056335,0.000000","","","",""
"9","centres","","0275a01c-3564-4f47-8c8e-14d60537c379","point","19125.054216,20750.445522,0.000000","","","",""
"10","centres","","02a64a0a-7a7f-469e-ab8d-29cc717bdd1b","point","17989.702217,20596.850173,0.000000","","","",""
"11","centres","","02c44847-32d5-4489-bedf-baa6aafb26fb","point","15677.102321,21321.899955,0.000000","","","",""
"12","centres","","02ede89c-1b10-473b-b576-7345e1d83ce0","point","18307.841480,20122.893887,0.000000","","","",""
"13","centres","","02f87f86-9f88-4aad-859b-0b1f287f94e1","point","15439.561395,20960.776777,0.000000","","","",""
"14","centres","","035c7c75-93e3-4bf2-9b9f-a8dfe2519c5f","point","14650.812405,21794.967099,0.000000","","","",""
"15","centres","","04b112b3-7439-465d-8176-97ab7e863bad","point","17750.007472,20616.475043,0.000000","","","",""
"16","centres","","04b7c2b0-80d7-47cd-a9b3-45461a2126c4","point","18069.394227,20162.278591,0.000000","","","",""
"17","centres","","04f0e936-90cd-4cd2-8838-fdfa31921e78","point","16033.140978,18971.502044,0.000000","","","",""
"18","centres","","0505bcac-80ed-4b43-8cb7-9105caecbe47","point","18750.391692,21584.074485,0.000000","","","",""
"19","centres","","05b75c9d-be01-4ca9-ab65-9bfeba58294e","point","17246.352141,20464.885233,0.000000","","","",""
"20","centres","","06042320-3a19-491e-9cb6-06cb76df4faf","point","14981.480954,21629.218619,0.000000","","","",""
"21","centres","","0628eccb-bd35-45f5-a305-946dbca29d35","point","15736.473235,19902.247999,0.000000","","","",""
"22","centres","","06adb85c-6fd2-4a25-9a37-99cade8cf616","point","15019.140709,21000.570907,0.000000","","","",""
"23","centres","","07072639-3ce6-4f4a-9331-747fd76d99ad","point","15775.467895,19807.852967,0.000000","","","",""
"24","centres","","0778856d-851c-4d85-8087-86ddbfcf8fb2","point","15097.484159,21069.997637,0.000000","","","",""
"25","centres","","07a438e8-c93d-4f23-aeeb-c478b5f4d35a","point","18042.516791,20745.197785,0.000000","","","",""
"26","centres","","07b8d6b4-9a5f-4df5-8dd2-0fb182f19f5e","point","18913.594848,21195.337576,0.000000","","","",""
"27","centres","","07d53948-0e20-446b-abab-cfcbae7a400d","point","16243.000240,19702.868275,0.000000","","","",""
"28","centres","","07d555bb-be7b-4553-a455-b1512db26b4a","point","18789.312149,20852.606409,0.000000","","","",""
"29","centres","","07dbad92-6c06-4623-a027-277a562cff23","point","16426.654949,19083.181593,0.000000","","","",""
"30","centres","","09776a86-8634-4808-886a-4d06baf9d5c7","point","19207.920048,20757.916242,0.000000","","","",""
"31","centres","","0a072fc7-916e-4876-b0be-edd5b9963965","point","16069.597879,19494.352703,0.000000","","","",""
"32","centres","","0a1f9404-1ad8-4609-b420-78d44fc21b35","point","17150.760401,19477.708664,0.000000","","","",""
"33","centres","","0b580568-dd6b-4470-89cb-faf997b83584","point","15174.132433,20916.202642,0.000000","","","",""
"34","centres","","0b6b1d29-28d9-4e62-b4d6-57ce19cfb10c","point","16019.322006,19178.922743,0.000000","","","",""
"35","centres","","0b763d4e-2297-4a60-9e2b-c4ee92a1df9e","point","17182.112357,20911.741121,0.000000","","","",""
"36","centres","","0bf667a9-74a3-44e4-9a54-39d4da4cbe47","point","17903.696656,20102.740725,0.000000","","","",""
"37","centres","","0c319091-562a-4528-b69f-a57ffaad1bd8","point","15767.335212,21322.130206,0.000000","","","",""
"38","centres","","0cb892e9-0e10-4183-9f0d-4723f5902692","point","18076.772936,20269.601049,0.000000","","","",""
"39","centres","","0d428063-b3bf-4b67-8aa8-d440c4ad168e","point","18887.687837,21325.833541,0.000000","","","",""
"40","centres","","0d8df5bc-6a6a-4bce-9bdc-d147b4da3fc1","point","17331.088436,20972.010096,0.000000","","","",""
"41","centres","","0e175f7f-abd1-40f9-8c1e-3c676e0397d6","point","17027.267833,19136.067840,0.000000","","","",""
"42","centres","","0e82aa11-b969-4370-a61f-d6517385652f","point","17253.468061,19972.702271,0.000000","","","",""
"43","centres","","0ea0d222-99d6-4177-b814-db257592c5a6","point","17340.320698,19623.324948,0.000000","","","",""
"44","centres","","0ed8e775-72cb-425d-ae4c-423a140c2a40","point","15808.874295,20526.889044,0.000000","","","",""
"45","centres","","0eda772a-36c1-475d-a57a-d7264cc68512","point","16373.370941,20055.399465,0.000000","","","",""
"46","centres","","0f2088ac-8b13-42db-ad7b-1e48b9d90644","point","17484.206041,21421.710658,0.000000","","","",""
"47","centres","","0fc746d5-6f6e-4bb5-b771-93d62e2582eb","point","16333.070509,19873.513585,0.000000","","","",""
"48","centres","","0ffaf50f-50c3-415d-85cc-8c895a0a34fe","point","15215.089133,21093.369361,0.000000","","","",""
"49","centres","","10c54a6a-10a7-4dd7-9e8a-a604346d8909","point","15125.257333,21891.603902,0.000000","","","",""
"50","centres","","10d25858-b032-467a-929b-6cb71774c078","point","15739.171818,21019.273917,0.000000","","","",""
"51","centres","","110ce105-d4c8-48b6-950f-2e966ecedf87","point","16917.710930,21501.618576,0.000000","","","",""
"52","centres","","11819e4d-2895-4e18-8553-7c23b85f8412","point","15415.175415,20685.235866,0.000000","","","",""
"53","centres","","11fc63e8-098b-47c0-82d7-2a06ad69a3ca","point","17125.485311,20575.569633,0.000000","","","",""
"54","centres","","123e1c2e-2969-45ee-b4cd-318a973813bf","point","16114.997070,20737.067524,0.000000","","","",""
"55","centres","","12afccd8-ab46-4812-9f81-95a4d31766c4","point","15690.728564,19945.473640,0.000000","","","",""
"56","centres","","12d10252-4691-40ff-a4cb-4dd61a46823b","point","15802.956746,19855.253808,0.000000","","","",""
"57","centres","","131ba450-c71e-4d7f-b300-8965b0d8eac2","point","15555.998290,20386.457086,0.000000","","","",""
"58","centres","","132c6bc7-569f-478e-86b1-bb2f10877791","point","19542.579456,20761.792427,0.000000","","","",""
"59","centres","","14736696-11b9-4b80-a266-d7209e92e459","point","15828.058287,19711.494666,0.000000","","","",""
"60","centres","","14f1f808-31df-4820-82b5-02f2c6966b1a","point","16097.182338,19254.626155,0.000000","","","",""
"61","centres","","152760e9-5709-4500-92c3-6aba0076ccdb","point","16070.178911,18839.275395,0.000000","","","",""
"62","centres","","155a138e-d1cd-4b48-9c37-7f5dd065a332","point","17929.753625,20990.790768,0.000000","","","",""
"63","centres","","15dc7549-e52c-4dd8-b8c3-05b7cff54a0c","point","15840.132232,19899.913334,0.000000","","","",""
"64","centres","","166682d2-f55c-4a6c-9c86-2a8ae76fde3b","point","15744.250650,20131.125487,0.000000","","","",""
"65","centres","","1690616c-a3b6-4de5-81c2-b96b55290bfb","point","16708.959707,21057.217785,0.000000","","","",""
"66","centres","","16e5aa49-a2c7-4b71-b091-67317ec0b2c1","point","15922.730488,19372.107503,0.000000","","","",""
"67","centres","","1858d6c5-01e7-4827-9986-168a49d2fb57","point","16294.256947,20394.389814,0.000000","","","",""
"68","centres","","187c652c-3ef0-4964-8ea8-c8d905b54b45","point","15251.465700,20609.612182,0.000000","","","",""
"69","centres","","188e8070-1aeb-4b42-abda-aef951d6f5d7","point","15786.097133,19380.918767,0.000000","","","",""
"70","centres","","18a8de16-8648-4d4f-8adc-ff2d5d48196c","point","16728.700136,19577.450251,0.000000","","","",""
"71","centres","","190f537c-b542-4e49-ac20-5134302255d2","point","17768.375685,20154.471435,0.000000","","","",""
"72","centres","","197f2185-ae7e-477d-8825-23ff91f2a8da","point","18144.591968,21321.295279,0.000000","","","",""
"73","centres","","1990bffb-c3ca-4f44-b64a-d859a9d209ce","point","18128.660295,20217.214259,0.000000","","","",""
"74","centres","","19a3eb1b-9599-4dcb-8681-23eac4e98419","point","16765.997726,20564.407074,0.000000","","","",""
"75","centres","","1a07165d-b329-49a6-b090-e8ac53bec7ae","point","16884.700948,20572.126455,0.000000","","","",""
"76","centres","","1a43030f-b4e4-4261-86e6-ae663d93dbc1","point","17698.390797,20753.258861,0.000000","","","",""
"77","centres","","1a545523-6296-458a-ae08-1b531d4d6f07","point","15994.504303,20321.619263,0.000000","","","",""
"78","centres","","1b2db64b-aa6d-4962-9191-8facfc37bdb2","point","18512.701569,21183.456586,0.000000","","","",""
"79","centres","","1b6b1bb9-1690-4db4-8b31-492fb08fc60a","point","17827.763980,20606.480432,0.000000","","","",""
"80","centres","","1c54f42d-c0bd-47cd-aac2-7c499fcbecfd","point","17231.838277,21296.576939,0.000000","","","",""
"81","centres","","1c69fd95-1c49-4906-8552-bf2d0cb97c68","point","17829.402364,20444.017537,0.000000","","","",""
"82","centres","","1c6ad1a3-51e3-44a3-8877-0db6ed01bcc5","point","18506.517017,20857.814415,0.000000","","","",""
"83","centres","","1c73f4f2-35c7-480e-a99a-db8ac1492e0a","point","16238.250654,19611.310323,0.000000","","","",""
"84","centres","","1c890153-c0d6-4b0f-b26e-1f8cd5748bb8","point","18495.299851,21107.826494,0.000000","","","",""
"85","centres","","1cbdc753-19a3-4832-bd27-f95c0a4e4b37","point","17165.440148,21183.781479,0.000000","","","",""
"86","centres","","1ce478d7-d74e-402b-a8f6-bb0a0dc5dd38","point","18364.343748,21031.040959,0.000000","","","",""
"87","centres","","1d909ace-2460-43cf-8a4f-4f0d9edc96f7","point","15648.557802,18860.918171,0.000000","","","",""
"88","centres","","1d96d704-13c2-4078-8d1a-3436eaef7528","point","15252.609900,21501.529328,0.000000","","","",""
"89","centres","","1e68fe1d-ad5c-414a-b48e-fe5702690562","point","16422.090871,20119.044295,0.000000","","","",""
"90","centres","","1e741ac2-b15b-42f4-8664-0d9bd738a8f8","point","18298.634875,21356.174762,0.000000","","","",""
"91","centres","","1f648691-a305-4469-84a0-f669f4f0b975","point","15119.294848,21732.537487,0.000000","","","",""
"92","centres","","1f8881e5-cfef-49cf-914c-96e161b62483","point","18379.065761,21272.166076,0.000000","","","",""
"93","centres","","1f9457b9-eb40-4227-93a6-082ccc398448","point","15787.064774,18902.456559,0.000000","","","",""
"94","centres","","202effbd-9e7f-42fe-a507-586df3f2a3da","point","17296.606618,20876.683803,0.000000","","","",""
"95","centres","","2056aae4-1854-49e9-8044-cabc07ff35f7","point","17625.227121,21040.006200,0.000000","","","",""
"96","centres","","205850b3-d9bf-423c-a159-4fc3c78a0f33","point","16228.239377,19468.236741,0.000000","","","",""
"97","centres","","205c9e12-c531-4e98-a76a-9ccdfc8c6de2","point","17798.024436,20108.290322,0.000000","","","",""
"98","centres","","20a01cba-9ab7-4c8f-9b05-dd51dcafc225","point","14942.956543,21271.505808,0.000000","","","",""
"99","centres","","2147571b-0c28-45bb-9a71-075fed8eab54","point","16180.062800,19530.366153,0.000000","","","",""
"100","centres","","2244da08-57dd-4919-90af-b9c6a774ccd7","point","16216.089356,19874.704810,0.000000","","","",""
"101","centres","","22ad7023-ef83-4b49-be24-9de7eba4a22f","point","18291.958296,20937.479281,0.000000","","","",""
"102","centres","","230743ed-91fb-4e1c-8d91-6733c6b62737","point","15979.788085,19434.382593,0.000000","","","",""
"103","centres","","23bdfdb4-4557-4712-b232-65b6fe00678e","point","14921.337281,21594.483469,0.000000","","","",""
"104","centres","","246ed757-2236-4051-b8d1-2c0882a2667d","point","17476.043412,20478.293634,0.000000","","","",""
"105","centres","","24b86bf1-bfa6-4a2b-979d-086135acfd88","point","18862.490583,21419.792351,0.000000","","","",""
"106","centres","","24da89de-b3af-4036-b76c-13969c82e9c1","point","16126.876456,18997.931386,0.000000","","","",""
"107","centres","","24fc1966-0624-43a0-84e8-9fbe9d71fc23","point","15249.627143,21022.224175,0.000000","","","",""
"108","centres","","256473bb-1389-4c99-9877-5e016e2e1234","point","15514.628677,20220.933953,0.000000","","","",""
"109","centres","","25b63b88-0f88-4f18-85b1-14d8638f0db5","point","17501.870746,20308.101608,0.000000","","","",""
"110","centres","","25cbc642-d58a-437e-ab42-77b9291cd4cf","point","14781.066810,21266.151584,0.000000","","","",""
"111","centres","","26f8994c-01cd-4ac6-9292-b984033bafc8","point","18148.813198,20865.569342,0.000000","","","",""
"112","centres","","271e5e05-093b-4469-876c-b8b53ada22c3","point","14624.403387,21237.478926,0.000000","","","",""
"113","centres","","275b2df8-eaaa-4c38-9969-25007155dfce","point","16533.130804,21479.229399,0.000000","","","",""
"114","centres","","285dabfb-e2bf-4de6-9152-44d05637653e","point","17584.094931,20406.363261,0.000000","","","",""
"115","centres","","286b75c3-14b7-4726-ab59-1edca50b3eff","point","15434.804404,21368.310904,0.000000","","","",""
"116","centres","","287ec6d0-1d05-441c-8754-f134f8dacb73","point","17590.845800,21183.164198,0.000000","","","",""
"117","centres","","29bb2e04-8e63-446a-b7f7-b826434b803a","point","16834.100259,19692.602960,0.000000","","","",""
"118","centres","","29c7ccdb-5079-490e-b380-58193a854bbb","point","16341.450480,19255.044549,0.000000","","","",""
"119","centres","","29f35266-c6ee-4379-bace-6bedcc6c5441","point","14912.963204,21161.906218,0.000000","","","",""
"120","centres","","2a2ae315-9245-4ffc-8326-48cea467dffb","point","17258.138795,20356.475026,0.000000","","","",""
"121","centres","","2ac0b81a-60bc-44b9-9787-6e51c38323e4","point","15204.345608,20737.146057,0.000000","","","",""
"122","centres","","2b38fdf4-dbb9-46c4-a863-0eaa5df125a2","point","15318.805071,20879.020086,0.000000","","","",""
"123","centres","","2c3994ae-d19a-4f28-9079-2a8df680f08a","point","18384.438565,21114.435855,0.000000","","","",""
"124","centres","","2c9de1c2-71ad-43ee-94e1-354e2eebc966","point","15162.545274,21484.469246,0.000000","","","",""
"125","centres","","2cc45908-eb8e-4a5e-9a5b-831392e381de","point","16626.126451,21261.406701,0.000000","","","",""
"126","centres","","2cdd7ff4-00f2-4f99-bb0c-d09f9f3ec81b","point","18869.460140,20884.018127,0.000000","","","",""
"127","centres","","2d4b7db2-e667-4f7a-90e6-27f685e8a825","point","17756.241181,21051.042323,0.000000","","","",""
"128","centres","","2d7a278b-a613-4436-96b5-7cda5ab5c6fd","point","15448.887551,20818.627097,0.000000","","","",""
"129","centres","","2de00187-0e7f-4d58-9bb5-2b2c3bb3a2c3","point","18978.923358,21133.856790,0.000000","","","",""
"130","centres","","2e87a80a-15f3-4c8a-9c78-fb1b90ed9bee","point","17498.274052,21599.306932,0.000000","","","",""
"131","centres","","2e8c03e7-ca72-477e-8dd5-87e686004050","point","15598.302370,20786.216326,0.000000","","","",""
"132","centres","","2eed0e4e-f190-46e5-98c9-b92dd6d2418e","point","17735.521088,21178.535936,0.000000","","","",""
"133","centres","","2ef6fb9d-5ffd-4ca0-96c1-e92f90a8184c","point","15119.106225,20832.966275,0.000000","","","",""
"134","centres","","2f41dc4d-0228-40bf-aa90-8583bf57f8b4","point","17581.069092,20638.119673,0.000000","","","",""
"135","centres","","2f6eb874-db4e-4837-991a-d562a85b6d70","point","16564.585990,19682.791756,0.000000","","","",""
"136","centres","","2f7423c7-b161-4b0b-9c29-c498253dac55","point","17253.771246,20676.130073,0.000000","","","",""
"137","centres","","2f76205d-df47-4897-a15f-aa8de099282e","point","18370.960593,20951.156258,0.000000","","","",""
"138","centres","","30aa8309-4709-4f18-9b29-b8c8ba5a5926","point","15343.945105,22031.949980,0.000000","","","",""
"139","centres","","30d458b5-76cb-4809-9d0f-d727163f4e4d","point","19036.115003,20919.478497,0.000000","","","",""
"140","centres","","311e96b3-b726-4936-ac05-d67c777e2b17","point","18804.502320,20660.460573,0.000000","","","",""
"141","centres","","318d4ee0-cbdf-4d94-9e36-a9d7b70f848b","point","15672.327781,21247.184954,0.000000","","","",""
"142","centres","","31d78387-7558-4c97-a5eb-e2c83d2758d2","point","15382.582882,20915.491674,0.000000","","","",""
"143","centres","","32461419-d531-4844-aeb0-dc41c7e9c456","point","16105.315046,20426.156835,0.000000","","","",""
"144","centres","","3256245f-0d76-4880-8b36-e7965a34a6b6","point","17442.161011,19517.890856,0.000000","","","",""
"145","centres","","327d4ed0-4182-4915-99fd-979c07524515","point","18803.284908,21349.272066,0.000000","","","",""
"146","centres","","32ad36f6-c293-4554-b2e3-de0787e16a5f","point","15807.601590,20980.895524,0.000000","","","",""
"147","centres","","32fa7a81-f1f3-448f-bd34-81aa4d411de3","point","14944.128818,21510.942366,0.000000","","","",""
"148","centres","","3313f1c1-9226-4638-9eb9-0682c9153953","point","18715.995970,21114.293826,0.000000","","","",""
"149","centres","","335ed386-8622-4a17-b15b-12a4e50fe1e7","point","18195.066381,21453.253027,0.000000","","","",""
"150","centres","","33890831-933f-4115-a3c6-42e1634656b1","point","14744.568248,21873.945793,0.000000","","","",""
"151","centres","","3451610e-a797-4bde-ad7c-adb7c6b4253e","point","15823.742475,20178.861951,0.000000","","","",""
"152","centres","","34a299f3-e6f1-4eb6-bceb-4082dc9cad01","point","15698.268337,20417.711172,0.000000","","","",""
"153","centres","","34d214b6-8dd5-49b5-8920-8af526620326","point","18027.583078,21074.189946,0.000000","","","",""
"154","centres","","34fcee44-d329-4d6b-aa5c-7e351598aecf","point","18530.558965,20933.809427,0.000000","","","",""
"155","centres","","35558aa3-46f2-45d4-bbd0-45c973eda60c","point","18377.364393,20872.402463,0.000000","","","",""
"156","centres","","35578995-783c-4a37-be43-a7707ce246f0","point","16265.559861,20298.565676,0.000000","","","",""
"157","centres","","359af774-282d-4484-a69f-cf6f3be6de1d","point","16930.895048,19831.561354,0.000000","","","",""
"158","centres","","35b6a77e-fa6d-4557-944f-b402c8ce2f62","point","15959.478241,20062.191086,0.000000","","","",""
"159","centres","","35f982f6-9ee5-4f2d-b8b8-287e9a458f43","point","17126.684125,20457.881150,0.000000","","","",""
"160","centres","","363cbbd9-2a47-4b96-8bf7-645a02375f5a","point","17793.648983,20781.939439,0.000000","","","",""
"161","centres","","368d8b41-0cd7-4eaa-a867-544189d0d922","point","17250.614842,19370.467147,0.000000","","","",""
"162","centres","","36962905-6a92-4205-913e-5680e24f7ae7","point","15251.515049,20852.645037,0.000000","","","",""
"163","centres","","369bf895-1d2a-4b7c-ac69-e5fd92df1ae6","point","18608.951682,21243.788005,0.000000","","","",""
"164","centres","","3798b556-500b-42d3-846a-dcfb32c959bd","point","15047.384898,21888.864539,0.000000","","","",""
"165","centres","","37b7cb79-f9b8-494c-a57b-bd197ae093da","point","15962.227356,19796.893417,0.000000","","","",""
"166","centres","","37f3e2c3-3351-40d3-95e3-ddbe837ad1bb","point","16478.946642,19746.935214,0.000000","","","",""
"167","centres","","38650b27-b346-4801-b76d-01b42f4b2198","point","16555.699699,19761.201816,0.000000","","","",""
"168","centres","","387e3fc7-f5b8-4c7f-b419-c8d18056af74","point","18554.305163,21009.712743,0.000000","","","",""
"169","centres","","38a85a8d-0dd7-4ffb-99ac-9cede41c0ae4","point","15738.667696,19035.899555,0.000000","","","",""
"170","centres","","38d192d5-2b3f-4ad1-b2b2-0a55bb4d7bb7","point","16820.910982,19810.501342,0.000000","","","",""
"171","centres","","39c96f7e-d93c-466e-b42d-47875e02faaa","point","15892.554676,20036.902095,0.000000","","","",""
"172","centres","","3a74fc2c-e8a5-4400-a563-6fe6b5537792","point","15873.221515,19403.756279,0.000000","","","",""
"173","centres","","3b09608c-77e4-489a-9f2f-92e95d6a28da","point","17482.430211,21017.406199,0.000000","","","",""
"174","centres","","3bf47807-4ff5-44a0-b463-8cce3b1ac86c","point","16013.737437,19080.346866,0.000000","","","",""
"175","centres","","3bf758f5-0377-460c-a36b-2a6c6b9f9d2a","point","16092.154196,19335.843717,0.000000","","","",""
"176","centres","","3c63d7fa-edf7-4ed0-82cf-c59bfead4596","point","15455.106447,21104.856330,0.000000","","","",""
"177","centres","","3ca6decf-4dc5-4998-8dcc-f51b24b745df","point","18711.025353,21279.340589,0.000000","","","",""
"178","centres","","3cad87e7-3de7-4c2b-8f25-3b067acd1e0d","point","15761.760810,21234.902863,0.000000","","","",""
"179","centres","","3cb22d66-9c8b-4d7a-a053-b6a8f6b152b4","point","17993.126763,21742.803733,0.000000","","","",""
"180","centres","","3db472f3-78e3-43b3-8e2f-1127a944d395","point","16353.778645,19362.862511,0.000000","","","",""
"181","centres","","3e0ed342-47ec-4857-a40c-2876f29a573e","point","17397.944566,21505.208927,0.000000","","","",""
"182","centres","","3e1b0715-c59d-4fd1-8d15-3e5ba18c59eb","point","17910.104491,20455.580793,0.000000","","","",""
"183","centres","","3e408cbb-3229-474f-a71a-4255d419a584","point","16298.998078,19320.382970,0.000000","","","",""
"184","centres","","3eb7c8a2-62c9-4553-a2f0-e097ea78369a","point","15835.412566,20002.109979,0.000000","","","",""
"185","centres","","3f4fdfa1-df5d-43cf-8d16-05941cbb580b","point","15187.669281,21558.284540,0.000000","","","",""
"186","centres","","3f6178bd-2265-40f5-9351-e2d360e699d7","point","14518.029890,21240.372421,0.000000","","","",""
"187","centres","","3fcda47f-39d9-491d-ac4b-8cca8c2dde16","point","17802.891019,21241.534811,0.000000","","","",""
"188","centres","","403d25aa-e1fc-49eb-adb2-6b0d5e119386","point","17200.492016,19818.481826,0.000000","","","",""
"189","centres","","404c4aba-1be9-447d-988a-f5add41e4d61","point","15063.663456,21730.215269,0.000000","","","",""
"190","centres","","40920688-0ef5-4222-ad0a-d18da6cd5826","point","15130.828874,22065.625586,0.000000","","","",""
"191","centres","","40ec6c93-18ae-45e5-a1bf-55031cfa5469","point","18730.368835,20635.247376,0.000000","","","",""
"192","centres","","41922f4b-fb7f-4851-b284-1ff58ef53710","point","17993.918571,19810.949268,0.000000","","","",""
"193","centres","","41b67df0-2554-47a8-bffe-2f0719c9fc88","point","15918.730227,20787.539938,0.000000","","","",""
"194","centres","","41bc942d-0fa0-4b1b-9461-b21dec1c2b0a","point","15268.849527,21380.734368,0.000000","","","",""
"195","centres","","41c56bda-2a28-490d-bbff-90e7c9d7847f","point","17332.187293,21231.232985,0.000000","","","",""
"196","centres","","41ed247b-ddce-42fe-a079-f363262c97d9","point","15421.982181,21058.077254,0.000000","","","",""
"197","centres","","425aa035-e530-4445-8543-57e8c1d8e98f","point","15692.968032,20206.415870,0.000000","","","",""
"198","centres","","42aa5c60-e488-46b4-89f6-a141cd9b693c","point","16041.473359,19835.801102,0.000000","","","",""
"199","centres","","433f7601-f2ed-43bd-9b03-0b05f83ddb4e","point","18028.972833,21383.475706,0.000000","","","",""
"200","centres","","43981f18-bfed-452a-81b3-f1f5e7fd94e6","point","17920.185257,20406.694538,0.000000","","","",""
"201","centres","","444197dd-1a23-4cd0-9ac8-186bd634f1c6","point","19067.736658,20861.978419,0.000000","","","",""
"202","centres","","44bef87f-edd7-4361-868a-bb24ae64f5ad","point","17482.160943,20650.746911,0.000000","","","",""
"203","centres","","45426320-6b95-444e-b23c-6b750ec04a45","point","16364.861625,19959.862547,0.000000","","","",""
"204","centres","","455417ac-558a-4604-8742-ceb8d9a72bb8","point","17045.720072,20195.378881,0.000000","","","",""
"205","centres","","455ada83-4170-44d6-b170-2a9b2239e242","point","18675.789641,21704.633772,0.000000","","","",""
"206","centres","","456d1929-06f6-4fdc-b824-21ea13283904","point","17839.295787,21545.541421,0.000000","","","",""
"207","centres","","458abd9f-9575-40ba-9a64-ef552a5e6c43","point","15225.073996,21629.499012,0.000000","","","",""
"208","centres","","45aa896b-eb02-4cae-91c5-251c444e42fd","point","15936.824390,20137.130163,0.000000","","","",""
"209","centres","","467425f3-5a74-4bed-9a23-0d525d40804f","point","16194.205355,20061.080107,0.000000","","","",""
"210","centres","","46875256-d684-46bc-b23b-30eeafdb69d2","point","15844.551719,20842.972483,0.000000","","","",""
"211","centres","","47135a9c-5ce1-44df-b766-a9ec216b6fc7","point","17271.746354,21128.026585,0.000000","","","",""
"212","centres","","481298e8-0729-4875-8d3d-638d86a6c64b","point","18381.842081,21192.314392,0.000000","","","",""
"213","centres","","4854d449-3139-48d3-9d52-bb70c900d6de","point","15521.562983,21060.107735,0.000000","","","",""
"214","centres","","4873b94c-dcd1-41d8-84af-937491a18056","point","16388.738764,19180.401912,0.000000","","","",""
"215","centres","","48aa0fb8-3af2-45c5-a6c0-7931af6176e8","point","17605.640925,21681.936410,0.000000","","","",""
"216","centres","","48e65966-fdd7-400e-af02-2eb592b0d26b","point","18110.818738,20705.057591,0.000000","","","",""
"217","centres","","48ff06c0-46c4-48d5-a215-c7253eb0a548","point","18187.911365,20272.002316,0.000000","","","",""
"218","centres","","490215ac-620d-4f68-a5dc-52a137ed109b","point","17040.068718,19867.997086,0.000000","","","",""
"219","centres","","49b34dd0-f66c-4488-bd55-0ab9a3371a6c","point","16320.835476,21157.838534,0.000000","","","",""
"220","centres","","49e4a7be-48c2-4580-a6d2-644331a8e049","point","18702.475695,20699.573032,0.000000","","","",""
"221","centres","","4a16305e-db16-412a-9bef-9a4334b5bf0f","point","16298.211209,19422.338652,0.000000","","","",""
"222","centres","","4a203835-3613-42cc-9b88-2665b0ec3a89","point","16590.944335,20078.462714,0.000000","","","",""
"223","centres","","4a3f95fb-3b8d-4a4d-abbe-85afe2f91814","point","16203.171275,19782.149749,0.000000","","","",""
"224","centres","","4ab9676d-8dfc-4216-847e-8595331c8221","point","18089.064806,20809.952054,0.000000","","","",""
"225","centres","","4b768241-1a34-4576-8927-718067481784","point","17863.526541,20154.044443,0.000000","","","",""
"226","centres","","4c12ee1f-161f-469b-8f15-46ff664a44a4","point","16101.436579,19176.793739,0.000000","","","",""
"227","centres","","4defce62-d203-452b-94e3-6abd597dda5b","point","18727.154287,20581.130593,0.000000","","","",""
"228","centres","","4e576413-209e-4b80-8d3f-052e23b03ced","point","16326.084379,19674.320540,0.000000","","","",""
"229","centres","","4e5f8cbd-8155-4c31-a8b5-4f58a901eb0c","point","15615.815311,20996.292091,0.000000","","","",""
"230","centres","","4eb3027a-f2fc-41d0-9f80-bc3dcb15aff1","point","18242.984229,20058.520972,0.000000","","","",""
"231","centres","","4eb64abe-130e-4ba1-b09e-63fa7b823dc1","point","18772.052536,20737.825922,0.000000","","","",""
"232","centres","","4ebec506-17ee-4028-a1e7-72712abe4fb6","point","15438.011609,21321.307145,0.000000","","","",""
"233","centres","","4f03557c-df61-4988-ba2e-27cc7b287a73","point","15483.355354,21007.002901,0.000000","","","",""
"234","centres","","4f186fe7-fa14-4c05-a977-e0747210a9c2","point","16402.600315,19621.983000,0.000000","","","",""
"235","centres","","4f89e821-0573-4d25-a7a2-797a847657aa","point","14638.150049,21689.175279,0.000000","","","",""
"236","centres","","4f98ceb5-3ed5-4d14-945e-36c0cd41b392","point","15979.979627,19349.245312,0.000000","","","",""
"237","centres","","50acc461-17e9-4d78-9e82-4bee70106d0e","point","16095.040700,20156.278243,0.000000","","","",""
"238","centres","","51b0fce9-7405-4f59-b707-68508f3d4d7f","point","15884.974042,19300.473256,0.000000","","","",""
"239","centres","","52005000-239b-4e54-8647-9917e16aa5f4","point","16951.343805,20982.820458,0.000000","","","",""
"240","centres","","52079be6-10d2-4d2d-95a1-a31c1f5b9d7e","point","15971.789731,20868.835419,0.000000","","","",""
"241","centres","","520b6f9e-c2ce-4207-af54-23e578a4b260","point","16145.487224,20073.003169,0.000000","","","",""
"242","centres","","52c318c7-653a-43cd-a436-a2340fbf1c21","point","17669.985664,20919.231819,0.000000","","","",""
"243","centres","","532be290-4492-4529-aeb6-68ebe788e094","point","17752.224376,20432.217245,0.000000","","","",""
"244","centres","","5350a15f-2c7f-4e53-adee-37ae135adaee","point","17612.099161,20779.811260,0.000000","","","",""
"245","centres","","535e9b85-2053-4b93-b8dd-6590a3a131b7","point","18035.271153,20332.152263,0.000000","","","",""
"246","centres","","54049494-d26e-4740-9f07-9b440225651f","point","15284.005633,20750.267898,0.000000","","","",""
"247","centres","","542fc170-c6ff-49ae-8bfd-52218d6f08a2","point","15669.647095,20492.333780,0.000000","","","",""
"248","centres","","54566975-9467-429d-9b3f-a2cc08380a69","point","17871.890348,19898.423149,0.000000","","","",""
"249","centres","","5495215b-738b-4132-9577-9fb146a8ec41","point","18488.545467,21608.436095,0.000000","","","",""
"250","centres","","54a23f4a-325e-482e-99d3-ab3b621f75d2","point","17822.942241,20498.417496,0.000000","","","",""
"251","centres","","54f5dfba-9ff2-4f72-a9bb-7bd85d4ef2b7","point","16247.666285,19671.530871,0.000000","","","",""
"252","centres","","55d813b3-98f2-4a94-847b-6a0c5b9c7b13","point","15161.382195,20994.486963,0.000000","","","",""
"253","centres","","55edea6e-f600-44ad-af5a-5f847f641888","point","15773.672322,19527.336594,0.000000","","","",""
"254","centres","","5662c204-8437-4c31-b312-ae720ccff503","point","17865.721151,20752.469298,0.000000","","","",""
"255","centres","","567e59c0-5698-43cc-beb2-44c8631783d2","point","16738.670947,19326.108092,0.000000","","","",""
"256","centres","","571f6d90-bdae-4db7-8aea-93598a159ddd","point","16405.344248,19677.144170,0.000000","","","",""
"257","centres","","57566469-a1e8-4260-a8a4-2baa7951de33","point","17896.918150,21442.457996,0.000000","","","",""
"258","centres","","5760d4a3-e534-4639-a931-b505459eae08","point","15140.601220,20767.299172,0.000000","","","",""
"259","centres","","5793ce80-d49d-4141-bc56-334e91553362","point","14963.965753,21114.538422,0.000000","","","",""
"260","centres","","579fd677-161b-4ce7-8824-70eb423a128d","point","17467.323267,20076.802990,0.000000","","","",""
"261","centres","","57d24aa7-fadb-4f52-bd19-04c83305f41b","point","15284.149944,20950.776006,0.000000","","","",""
"262","centres","","5813bc29-4743-4ba2-8ce3-151553588100","point","17797.451899,19830.270526,0.000000","","","",""
"263","centres","","583384cc-d672-47b4-8ad9-a558e5ce2f0d","point","16722.920740,19792.183949,0.000000","","","",""
"264","centres","","59862302-1879-452f-ba91-d966b49ed370","point","17431.694630,19701.018503,0.000000","","","",""
"265","centres","","59a7e674-2781-4d11-9201-9bf570d7c725","point","17440.271807,20927.098990,0.000000","","","",""
"266","centres","","59cead5d-91ef-4bda-8a2f-377272822fa2","point","15956.822038,19271.200505,0.000000","","","",""
"267","centres","","59d6b799-7426-4429-bc22-791683cf34d9","point","15094.872003,21572.734632,0.000000","","","",""
"268","centres","","5a0bc958-05be-4634-a6b4-2bc2aee5e92f","point","17708.803687,20985.364140,0.000000","","","",""
"269","centres","","5a5d1caa-3fc8-4b81-90a0-7aafdaf646f5","point","15224.960747,21971.597587,0.000000","","","",""
"270","centres","","5aa5fd9f-1848-4364-82af-69bf4f58e3e9","point","17826.840564,20994.556011,0.000000","","","",""
"271","centres","","5aeb8cf5-ee3b-4ceb-a867-c80e4018b440","point","15823.038697,19339.464808,0.000000","","","",""
"272","centres","","5b1f253a-1cf0-4afd-8bfe-07dca798de1b","point","15903.881029,19640.653689,0.000000","","","",""
"273","centres","","5b36f250-676a-4c72-abb3-477502e240bb","point","18640.381069,20973.875601,0.000000","","","",""
"274","centres","","5bc831d3-514e-45a3-9246-400335140369","point","15889.835760,18788.671172,0.000000","","","",""
"275","centres","","5bda0e7b-468c-4065-8109-17032959bffe","point","16270.279318,20116.122235,0.000000","","","",""
"276","centres","","5c673043-8243-446b-b962-16248513abf5","point","15693.896267,20074.383944,0.000000","","","",""
"277","centres","","5d3f7a80-994e-411d-b99b-8204bf9be7be","point","16015.184065,20152.940383,0.000000","","","",""
"278","centres","","5d567c60-435c-4ee3-a1df-1e49b70a9551","point","16226.932924,19026.336949,0.000000","","","",""
"279","centres","","5ddb7faf-5239-4690-bf65-ca69e428cb5d","point","15688.240464,18730.707227,0.000000","","","",""
"280","centres","","5e464a6d-d0de-4d06-a370-3e2f39bdc50f","point","17109.195604,21063.008080,0.000000","","","",""
"281","centres","","5f49cdbf-f63f-4714-9239-597afd5b2af4","point","16165.721531,18866.360161,0.000000","","","",""
"282","centres","","5f894aac-19ea-4bcd-b884-e610c14b4bb6","point","16261.263352,19834.617876,0.000000","","","",""
"283","centres","","5fb066f8-0859-4f61-b1a9-b84fa1913df4","point","18877.967032,20694.105093,0.000000","","","",""
"284","centres","","5fc58918-ce2d-4296-baeb-99beb27675e4","point","16028.243166,19256.864863,0.000000","","","",""
"285","centres","","5ff45fa3-b691-4095-9713-cf54ecf59743","point","17522.979622,19778.675314,0.000000","","","",""
"286","centres","","601fc5f1-ba9b-40ba-b08d-da42d03a6785","point","18552.254084,21641.596344,0.000000","","","",""
"287","centres","","60bfaf7e-c79e-4b62-8526-cb2d0d0f561a","point","15620.230502,18934.442147,0.000000","","","",""
"288","centres","","60def251-8c3a-41af-a784-360eeb2ef900","point","15357.970126,21306.979319,0.000000","","","",""
"289","centres","","614ef354-1e9d-4a94-a251-6deabd7c4a44","point","16549.605411,19290.028337,0.000000","","","",""
"290","centres","","621269d9-7f5f-4d8f-a316-732095f891f4","point","19419.746153,20762.742364,0.000000","","","",""
"291","centres","","62359497-ac52-4fb0-993f-e20d3ee444e3","point","16644.452310,19685.640901,0.000000","","","",""
"292","centres","","6248fa36-39fc-44fd-acb2-8281ad4b8dbe","point","18377.912186,20194.570824,0.000000","","","",""
"293","centres","","62b5162e-5ab9-4aea-9a2c-1455309f0482","point","17657.780624,20169.554440,0.000000","","","",""
"294","centres","","62f31e2c-f272-4a01-bd85-ca6810cc3d73","point","18442.192669,21113.712453,0.000000","","","",""
"295","centres","","635fa3c9-2523-451e-bad8-ab8ff36abb85","point","18551.671636,21096.175491,0.000000","","","",""
"296","centres","","63a7c44e-cea3-4c7b-bf59-9c57c5ccf6ac","point","17067.450009,20947.005683,0.000000","","","",""
"297","centres","","64011d87-d940-46e5-abfd-aae7ff1f79b0","point","14684.601192,21917.255598,0.000000","","","",""
"298","centres","","6452fde4-a781-4881-bf8c-1d36558389c7","point","16159.205346,20149.559385,0.000000","","","",""
"299","centres","","64606e1e-5d93-4147-bc2b-8418ebc16573","point","14950.987913,21056.187088,0.000000","","","",""
"300","centres","","64c2e350-3813-497d-b315-e83b3861e365","point","18427.636299,21575.143771,0.000000","","","",""
"301","centres","","64e2347a-8f0c-41f6-9612-611831294733","point","19034.169929,21075.834197,0.000000","","","",""
"302","centres","","64ebf832-856b-40d9-a08d-894aabb5f634","point","19281.875723,20843.492375,0.000000","","","",""
"303","centres","","64fea2c6-f2d9-4494-8e9d-f2c1f4702ec0","point","18252.715697,20837.628208,0.000000","","","",""
"304","centres","","650c9b06-e90e-4010-a555-61d869a8b663","point","16700.805269,19465.375023,0.000000","","","",""
"305","centres","","651b4dae-9a80-4cdb-96be-a866bc956cc7","point","18071.922715,21010.403307,0.000000","","","",""
"306","centres","","65584b62-f524-4a28-9592-aa7cccddac95","point","17543.962182,20884.783831,0.000000","","","",""
"307","centres","","6600a7ed-ec66-4811-be62-0bb0f6742f83","point","17973.672128,20785.473277,0.000000","","","",""
"308","centres","","66d75cf6-fdcf-4694-8360-581af47655cd","point","19324.182932,21005.660038,0.000000","","","",""
"309","centres","","67dcac09-b089-4894-a736-9ccc21733936","point","16639.522871,19589.724417,0.000000","","","",""
"310","centres","","67f46ee9-ddca-4524-af1a-b9130cef0de2","point","19395.687491,20850.977220,0.000000","","","",""
"311","centres","","68a6e484-e3af-445d-9793-44687bd3010c","point","17575.551513,20483.993341,0.000000","","","",""
"312","centres","","68bfb1d9-db11-4aaa-91e1-ef255f6dd11b","point","16398.860556,19732.227446,0.000000","","","",""
"313","centres","","698a960c-d921-4234-be38-5d32429641b7","point","19072.464543,21026.787765,0.000000","","","",""
"314","centres","","69a5a372-33ee-43c2-937f-fa7ac1d44ee8","point","15856.962754,18921.781830,0.000000","","","",""
"315","centres","","69d2cbcc-97c3-44bc-bd48-85671979e209","point","18104.943505,20368.365094,0.000000","","","",""
"316","centres","","6b231bcd-78a3-4169-9288-037d93a4919a","point","17550.537326,19934.709270,0.000000","","","",""
"317","centres","","6b2bb19d-f44c-4b04-afe7-37f0043a987f","point","18467.452348,21271.163588,0.000000","","","",""
"318","centres","","6b5b4036-b7a5-412c-b1f3-58dbeaa8502f","point","15913.828244,20213.590152,0.000000","","","",""
"319","centres","","6b66c413-f50f-4e90-899a-fa8dd3b3e582","point","17939.183008,19959.882567,0.000000","","","",""
"320","centres","","6b725937-dd2e-4e32-982d-0aa7f91f6c81","point","16239.666673,20212.687555,0.000000","","","",""
"321","centres","","6c4c151b-8f51-4b54-bdd9-dcb8ef481dfc","point","16560.715024,19600.840470,0.000000","","","",""
"322","centres","","6c7499eb-c329-4865-864b-4f5300fa3baa","point","16273.420746,19511.187081,0.000000","","","",""
"323","centres","","6ca5f70e-24fb-4165-9cc8-6a949ce4f62e","point","15960.656884,19537.789207,0.000000","","","",""
"324","centres","","6d4c77f2-7d9a-42a7-bf69-7fc08d245f67","point","18149.076989,20757.514020,0.000000","","","",""
"325","centres","","6d9069e5-9a89-4720-b510-450507478a1b","point","17963.094090,20153.167771,0.000000","","","",""
"326","centres","","6dd53a69-236d-44ef-bf60-e6f9e4207606","point","17531.507734,21101.053415,0.000000","","","",""
"327","centres","","6deac266-6f3c-4543-a4f1-4fef8072df79","point","15860.553939,21221.242897,0.000000","","","",""
"328","centres","","6dfda461-f529-4483-9021-b1283ade504d","point","15840.943579,20465.523434,0.000000","","","",""
"329","centres","","6e07a1a3-291e-4bbb-99e5-d57690c554e4","point","17977.937743,21035.968153,0.000000","","","",""
"330","centres","","6e2c9fbf-d687-4670-ac62-ccbecab0f34f","point","16068.582630,21192.660067,0.000000","","","",""
"331","centres","","6e526ff7-edc4-40e5-9478-1431f135d8e8","point","16466.574272,19538.741790,0.000000","","","",""
"332","centres","","6e95b3ba-2ef7-4b12-b516-09744dda15b7","point","15425.147460,21413.333516,0.000000","","","",""
"333","centres","","6e9c0fa3-d2a8-4160-b361-b48aa63d0ff1","point","17774.736343,20729.745383,0.000000","","","",""
"334","centres","","6ea85598-598c-47d4-ad80-1bbc56b9c84b","point","18842.130512,20776.339109,0.000000","","","",""
"335","centres","","6f77a734-eafa-415e-8b5d-f0e49c553259","point","15857.784737,19792.070710,0.000000","","","",""
"336","centres","","70230b23-263f-4787-9527-2e0a2893f38f","point","19207.519343,20997.795255,0.000000","","","",""
"337","centres","","7045bb71-adc1-4929-bafe-27a47e7748f2","point","18239.061040,21253.772305,0.000000","","","",""
"338","centres","","7069c545-0365-4a39-a37f-0463d5eb24f7","point","19023.673781,20760.905235,0.000000","","","",""
"339","centres","","7094f0d0-8628-44b5-8de0-5279a8b42eb6","point","15514.445937,21268.898095,0.000000","","","",""
"340","centres","","70f5cb20-eb48-4c2c-957a-1ad2e9b0bb44","point","15969.764549,20510.271842,0.000000","","","",""
"341","centres","","711db4c3-c26c-4ec1-8b5c-f4e18baf01b7","point","18655.276423,21306.132713,0.000000","","","",""
"342","centres","","71725fc2-ccf5-49d0-95ad-7747b924e0e5","point","15230.870062,20658.409606,0.000000","","","",""
"343","centres","","71e1ebd9-b57c-41fd-bb55-930f66a85674","point","18573.291925,21170.440267,0.000000","","","",""
"344","centres","","72c2aa88-e5cf-48cb-a402-011423b16c5d","point","16520.132102,20022.069296,0.000000","","","",""
"345","centres","","72e49d47-f297-41ae-8cb1-0b9a0f0bcb45","point","19482.856927,20962.603870,0.000000","","","",""
"346","centres","","739779fc-9493-47d7-96df-d6b88b1875a9","point","15745.297912,19698.536972,0.000000","","","",""
"347","centres","","739c7208-fc6f-42da-b877-0ba3a3156a90","point","16838.303444,21017.544074,0.000000","","","",""
"348","centres","","740aa487-9b0b-47f3-ae27-f29f5521466b","point","17636.186842,20846.831661,0.000000","","","",""
"349","centres","","7463ca87-556f-4ef1-94f0-b4e2c48870e3","point","16196.822981,21323.224639,0.000000","","","",""
"350","centres","","747fa719-7670-49de-9cd7-cecd86d2e6a0","point","16996.866410,21109.159138,0.000000","","","",""
"351","centres","","750b5e21-772e-484a-975d-d708eb338a2c","point","18105.514049,21209.323537,0.000000","","","",""
"352","centres","","7539a923-3b89-40e4-8eb1-b96cfcb55b77","point","18197.126291,20802.771350,0.000000","","","",""
"353","centres","","7559a6b8-e70b-45f1-bd39-492e14b81be9","point","18666.759773,20750.438671,0.000000","","","",""
"354","centres","","7610c0d2-f122-4064-9a99-a40ff4307dae","point","16171.608063,19809.180619,0.000000","","","",""
"355","centres","","76c6768a-dd27-49d9-8af8-674ce50b67b2","point","17998.225676,20423.828698,0.000000","","","",""
"356","centres","","77072072-04d0-4fa6-b0b2-1dd853666e12","point","17840.735383,20388.226279,0.000000","","","",""
"357","centres","","772e8e17-0804-4f7f-8e1d-63c6d06cce31","point","16216.590552,20136.327603,0.000000","","","",""
"358","centres","","77439b1f-66db-4fbd-9544-2a900cc0eb54","point","18615.955498,21674.481202,0.000000","","","",""
"359","centres","","7778779f-4e77-4f52-a0f8-6d74e67e1dff","point","16631.635581,19186.612434,0.000000","","","",""
"360","centres","","78efee48-e1e5-4b45-8f27-b08c78c637d7","point","15717.002363,18883.137445,0.000000","","","",""
"361","centres","","790de862-44e3-4514-9ae3-7e19987c0a1d","point","17145.447599,19920.032626,0.000000","","","",""
"362","centres","","7944090c-40c2-4839-aafb-71031ee5703e","point","15482.884284,21155.571907,0.000000","","","",""
"363","centres","","79749f75-149b-410c-8084-597787ebb039","point","17432.622704,21165.609279,0.000000","","","",""
"364","centres","","799e8121-c216-49ac-81b4-671e69fecd9f","point","18622.646302,20794.660106,0.000000","","","",""
"365","centres","","7a85910e-8119-4410-94a1-70dda96e3e7d","point","16833.462198,21357.959666,0.000000","","","",""
"366","centres","","7aa95499-5b51-405c-93e4-c0d0e445434f","point","15030.720717,21561.086389,0.000000","","","",""
"367","centres","","7acda7c5-22ca-4ffd-9b76-980bb468076c","point","14819.166608,21995.484490,0.000000","","","",""
"368","centres","","7b050d63-9409-4076-9712-70ddd7c6a614","point","15332.731489,21078.118946,0.000000","","","",""
"369","centres","","7b932d08-0f4e-488b-a9ee-6509dd8d434e","point","15389.035851,21149.243064,0.000000","","","",""
"370","centres","","7beff7f2-fa4e-413d-b8e5-15fcb323c0b6","point","16193.276489,21434.416054,0.000000","","","",""
"371","centres","","7c1f1b2a-0fef-4c87-90c3-9aab896b9550","point","16634.644373,19775.834754,0.000000","","","",""
"372","centres","","7c4ab151-99b0-48a9-aa04-6fd03a8b7e12","point","16617.004695,19490.994017,0.000000","","","",""
"373","centres","","7c68f99a-cdf2-40c4-bf9d-2ab61086b05e","point","16186.754071,21176.543923,0.000000","","","",""
"374","centres","","7cb8f352-58cf-4331-bb63-77c5afe87451","point","16727.574623,20427.153021,0.000000","","","",""
"375","centres","","7cc6f1d0-764a-44cd-bcf3-d46bae0eb433","point","16796.051108,19436.142307,0.000000","","","",""
"376","centres","","7cd0f2a2-c640-4f9b-9331-ed38cd972dd8","point","18596.965570,21330.191319,0.000000","","","",""
"377","centres","","7d10e718-11b3-4678-8ee8-735a73d97c27","point","15602.087124,20134.605323,0.000000","","","",""
"378","centres","","7d25806f-fd14-4a70-997e-1d7d69ab020e","point","18179.606571,19995.603221,0.000000","","","",""
"379","centres","","7d74e567-6408-4eaa-a89c-34cbfef071a1","point","16365.760641,18923.067149,0.000000","","","",""
"380","centres","","7d8fb187-aeaa-4721-aeb2-5a1504b9ee6d","point","15187.094785,20837.417201,0.000000","","","",""
"381","centres","","7dc59b38-0133-4584-a67b-ef4bd7133e30","point","17057.975231,21240.237612,0.000000","","","",""
"382","centres","","7e75bfb2-bfb9-459e-af57-65e383e26f76","point","16483.298355,19611.464776,0.000000","","","",""
"383","centres","","7e7d2ae3-73b8-4fd6-b767-3ff1cedcfb62","point","15028.594415,21643.523436,0.000000","","","",""
"384","centres","","7e8c591d-17d4-4eab-8aca-1fa5ecd93e74","point","14817.942118,21815.548192,0.000000","","","",""
"385","centres","","7ec0436e-ed1d-43db-b85a-360a445179ff","point","16877.429165,19260.123227,0.000000","","","",""
"386","centres","","7ef68651-6481-4e6a-9862-aecad1f95276","point","18442.275679,20871.500614,0.000000","","","",""
"387","centres","","7efc3115-392b-4fc2-b6ad-5d6d2b9ceb54","point","16025.528701,19912.579681,0.000000","","","",""
"388","centres","","7f12b50c-855f-4ae5-ae1a-6bdbdb6a469e","point","16077.078856,21322.866179,0.000000","","","",""
"389","centres","","7f753e5e-19dc-43e2-a5a2-dad3a543f1da","point","17730.315804,21326.762777,0.000000","","","",""
"390","centres","","7fe39318-b34e-4564-a437-8bebc58b0f87","point","18723.717371,20918.074136,0.000000","","","",""
"391","centres","","8048450a-405c-4122-ab73-968a34a1ddd7","point","18313.360317,20860.710635,0.000000","","","",""
"392","centres","","8051b9d8-00b6-4007-9f3a-1ab971b9b7dc","point","16255.269495,19389.038148,0.000000","","","",""
"393","centres","","806a34e7-4a51-444d-bb95-67aac6c2bad1","point","16152.333993,19427.994041,0.000000","","","",""
"394","centres","","806e1a5e-e0b0-44fa-bf81-864f54f493c5","point","17828.925439,21824.125172,0.000000","","","",""
"395","centres","","807d77cf-bd3e-47e1-8a4e-b4cc40da68f4","point","17744.990906,20555.217558,0.000000","","","",""
"396","centres","","80d7af2b-499d-4959-a676-cdf980943e57","point","16172.997584,20228.451812,0.000000","","","",""
"397","centres","","812b2167-aef7-4d50-8ce2-28ed63506af9","point","17780.802439,21650.168388,0.000000","","","",""
"398","centres","","81381a9a-f526-4130-aed7-f6f358aa527b","point","18282.674968,20217.258555,0.000000","","","",""
"399","centres","","81b2db32-6966-446a-80d9-e4533648350d","point","17248.231501,19545.357721,0.000000","","","",""
"400","centres","","81c6b7a6-787f-4b20-88b0-f2b13886f21e","point","16265.245969,18894.573268,0.000000","","","",""
"401","centres","","81dd6de8-ccf8-4871-8aed-de47aa0ba5d7","point","17964.872346,20294.039134,0.000000","","","",""
"402","centres","","82b89fc9-da6e-472d-945d-1e1aa683db5a","point","17823.170276,20552.678625,0.000000","","","",""
"403","centres","","8321e1d6-a403-4b5e-a99c-73fb6972d948","point","18653.295139,21381.187268,0.000000","","","",""
"404","centres","","832690ad-6b40-4e92-ab48-0892bd903d3b","point","15115.273110,20910.716277,0.000000","","","",""
"405","centres","","833a9c4a-49c3-4694-93d3-da4fba1042c1","point","16397.178722,19923.961334,0.000000","","","",""
"406","centres","","83804411-cecf-4238-bd38-3aa43f1ea570","point","15824.086413,18770.366593,0.000000","","","",""
"407","centres","","8393163a-b0db-47ae-af9d-3284c569f8aa","point","17925.930829,21096.642260,0.000000","","","",""
"408","centres","","83b1bac9-f8a9-4ab7-9a7e-a253b0fef7f2","point","15889.743436,20654.762059,0.000000","","","",""
"409","centres","","83e7d337-9263-40a4-9713-c80b13451da6","point","17349.521409,19436.627301,0.000000","","","",""
"410","centres","","84074dc3-391d-40cd-80b0-91887c302553","point","18067.748026,20582.878460,0.000000","","","",""
"411","centres","","84984543-2d46-4a53-b63b-2e039d7b35a4","point","15966.907919,21322.614473,0.000000","","","",""
"412","centres","","84b583d7-27e4-4091-b11a-cf144b862b3d","point","18173.143786,21235.355036,0.000000","","","",""
"413","centres","","8578c396-26ed-47ef-b56c-1aa18da99ae6","point","17750.031807,20877.233356,0.000000","","","",""
"414","centres","","85f4218f-5120-4e0c-91fd-02b9e986938e","point","18564.659521,20833.894816,0.000000","","","",""
"415","centres","","8617f57c-1e5a-4a25-b0cf-723f36242ac9","point","16162.302207,19901.866530,0.000000","","","",""
"416","centres","","863c33cd-e0d4-4eb4-9d21-878a55ef18a2","point","16354.371918,20573.879844,0.000000","","","",""
"417","centres","","8685a6b1-be68-4711-8afd-b9a5b3df8b08","point","18753.687324,21383.489183,0.000000","","","",""
"418","centres","","86a05505-de36-4fa7-b014-e5dca37ec8d8","point","19565.820948,20954.060700,0.000000","","","",""
"419","centres","","86e6eb68-35fe-4e0c-9d77-e96bdb85e479","point","16024.443558,20075.626107,0.000000","","","",""
"420","centres","","8703c7ad-557d-4df5-b26d-cc157d8084cc","point","15513.207656,20725.542628,0.000000","","","",""
"421","centres","","87657b74-1d79-42a3-a343-4c61bf425890","point","18839.919813,21373.092323,0.000000","","","",""
"422","centres","","87a04cab-1c79-4708-97bb-663e17ccd870","point","18222.878967,21085.601202,0.000000","","","",""
"423","centres","","87bf58ae-6c9b-4b29-aa8e-6c4b34774533","point","17920.801821,19738.158013,0.000000","","","",""
"424","centres","","87e6ee70-ac13-4821-91b1-c02e279b4466","point","17363.445541,20567.739638,0.000000","","","",""
"425","centres","","87f88b32-2c59-4fba-a696-e250297f3b56","point","14868.109576,21248.447614,0.000000","","","",""
"426","centres","","87f98c42-0ae1-4e4f-9db4-33d19d752c77","point","16098.298515,20236.149141,0.000000","","","",""
"427","centres","","8892df7f-1747-4e87-b658-05c8dad0d9a7","point","16297.143561,19142.856433,0.000000","","","",""
"428","centres","","88caaf3d-d531-4b30-8c0f-ae4a403e435c","point","15911.603065,19857.163308,0.000000","","","",""
"429","centres","","88cdfef6-0a60-4681-8ee4-3911b0ee585c","point","15545.874233,20052.272856,0.000000","","","",""
"430","centres","","8962ed2f-3786-46b2-ba71-8d7274fe9295","point","15519.473974,20872.841475,0.000000","","","",""
"431","centres","","8968474a-1593-4ffb-add3-aa57c141e322","point","15993.033500,19831.978741,0.000000","","","",""
"432","centres","","89c6562b-62c8-4648-97ee-06bc50a6565d","point","17784.548878,20936.028891,0.000000","","","",""
"433","centres","","8a21d9c4-7e84-4f53-92b0-04f9dfce6ef1","point","18631.342012,21152.359275,0.000000","","","",""
"434","centres","","8a2bab7f-c73d-4caf-8662-abd9af47c85f","point","15782.297448,19957.234609,0.000000","","","",""
"435","centres","","8a4819f7-9685-4705-a461-a0909aeab442","point","15038.360230,21978.563771,0.000000","","","",""
"436","centres","","8aa59489-dc8e-4f80-b479-6b90796ccad2","point","16367.014152,20156.355143,0.000000","","","",""
"437","centres","","8b258b16-38d3-46b0-b5d7-f1df2aaca400","point","17724.106359,20056.483403,0.000000","","","",""
"438","centres","","8b374b16-f201-4f3b-bd56-63a03bf2b0c8","point","19618.324764,20859.991532,0.000000","","","",""
"439","centres","","8b4bae25-c96f-4cb2-91fa-4db001f695f7","point","15920.420330,19074.726955,0.000000","","","",""
"440","centres","","8c7b7111-066b-4979-8671-67820f7f538e","point","15309.679895,21467.677584,0.000000","","","",""
"441","centres","","8c9f9555-005e-4d3c-a9be-7ee0b7313c23","point","17013.671180,20693.737240,0.000000","","","",""
"442","centres","","8cac44b5-8e5f-4ba4-97b7-a9978c1cf938","point","19246.533169,20930.541936,0.000000","","","",""
"443","centres","","8da4612e-2b4c-432f-b117-1d02d055b857","point","15787.005094,19282.295723,0.000000","","","",""
"444","centres","","8dbce50b-2f54-4e3f-bb97-5b33e7ef77a1","point","14859.824563,21540.956306,0.000000","","","",""
"445","centres","","8dfff284-0ceb-4d1c-bd1f-3cd78ab95438","point","17393.160451,20281.283296,0.000000","","","",""
"446","centres","","8e1d4c8a-d14f-4719-88d4-386aaf3494a5","point","16265.378998,19214.733007,0.000000","","","",""
"447","centres","","8e271acd-7296-4c59-b269-e1814c87ac03","point","16323.976425,19632.787915,0.000000","","","",""
"448","centres","","8e3675d3-18f2-4d27-9ee3-ef7e2d8d4fe8","point","16276.198618,19929.207570,0.000000","","","",""
"449","centres","","8e3b24b8-2470-4eef-b6d4-8993c874d5f5","point","15167.098768,21647.492993,0.000000","","","",""
"450","centres","","8f42fdf4-0aa5-4c31-850a-da933045a695","point","16462.506427,19365.806554,0.000000","","","",""
"451","centres","","8f980c19-34f7-457c-960c-6b618e824cb4","point","15706.934434,20934.501298,0.000000","","","",""
"452","centres","","8fa6a9f5-b134-4ba7-8b5a-b74e8527c902","point","14806.215092,21707.916954,0.000000","","","",""
"453","centres","","8fd332e3-4b15-404f-ad8f-1ba9f99a1a0c","point","18545.751717,21258.771483,0.000000","","","",""
"454","centres","","90390c05-bbf6-45fd-84fa-ec76c88f00d6","point","17738.776784,20208.968796,0.000000","","","",""
"455","centres","","9102ba7d-0e32-4865-bdc8-c34054488d40","point","14894.654366,21851.236782,0.000000","","","",""
"456","centres","","91143170-c67c-431c-83f3-2d649fd3d887","point","18673.356718,20856.561464,0.000000","","","",""
"457","centres","","91349808-2c1d-4738-9cd5-7da71f09c30c","point","18274.081988,21099.893319,0.000000","","","",""
"458","centres","","914df13a-acbb-40ae-b1bc-f0d8ffeeacdf","point","17989.242988,20467.617839,0.000000","","","",""
"459","centres","","915b2479-d88a-40b9-8063-ef3e301b56e5","point","15491.177301,20128.386599,0.000000","","","",""
"460","centres","","91d638d1-6f54-41b4-82ce-492d83474ef2","point","15790.269427,20066.058415,0.000000","","","",""
"461","centres","","9216d851-e9cc-4e65-9955-11236b90970d","point","17951.531550,21344.852502,0.000000","","","",""
"462","centres","","9363d45f-4d7a-4a27-b1e4-aef8d6f5a3bf","point","18813.882832,21254.593586,0.000000","","","",""
"463","centres","","93901dba-abd1-413e-b543-8f2e8dceb913","point","16332.101483,21323.420751,0.000000","","","",""
"464","centres","","941e53e3-31c6-4e3e-a24d-06d63b9e187c","point","18369.086348,21500.566158,0.000000","","","",""
"465","centres","","9431a2f0-421a-4267-a32b-2e3e9b852b46","point","17581.504423,20965.496470,0.000000","","","",""
"466","centres","","9460b049-af00-4166-871d-b905d35dcee1","point","16554.580430,18976.627099,0.000000","","","",""
"467","centres","","94c860f7-4235-42d2-9999-e14a504875fb","point","17574.970561,20560.871298,0.000000","","","",""
"468","centres","","94d96666-618d-438a-be7d-4147c4ecd021","point","17851.665937,20892.692161,0.000000","","","",""
"469","centres","","95df0384-afa3-457f-b9ab-9b9f8b4cf45c","point","16203.110789,19361.376743,0.000000","","","",""
"470","centres","","95f31c3c-bef4-4dc8-8ed8-1de64200d281","point","16203.516494,19113.814979,0.000000","","","",""
"471","centres","","96a7e64f-bf83-4552-a767-5690862f4cf8","point","15116.388482,21652.909419,0.000000","","","",""
"472","centres","","96a8edc9-2e58-41c2-ad9e-7786b316f3c4","point","15627.489740,20291.670542,0.000000","","","",""
"473","centres","","96b23edc-9e71-4691-bca4-0cd2fe31c030","point","16005.253706,20232.391307,0.000000","","","",""
"474","centres","","978b063c-801d-4683-ad57-a5f090143831","point","15054.831255,21485.733769,0.000000","","","",""
"475","centres","","97d58346-5c49-4e78-970b-de9499d98793","point","17839.469474,19657.258966,0.000000","","","",""
"476","centres","","97ee8700-6d09-4f91-98d1-70c6b0d0c688","point","14984.862690,21023.018347,0.000000","","","",""
"477","centres","","9824bb08-82b5-4c44-ab1f-c607f1d9fe43","point","16492.946465,19922.544341,0.000000","","","",""
"478","centres","","9826729d-5882-4cca-a60c-d19f455c11d1","point","16419.475820,20015.184135,0.000000","","","",""
"479","centres","","983f3ef5-52b3-4208-b40e-64ea656f8adc","point","15758.294703,18750.865373,0.000000","","","",""
"480","centres","","9851a661-f508-43bb-bb3f-150d98e4c395","point","18181.754589,20980.261002,0.000000","","","",""
"481","centres","","9918da52-a3bd-4cba-aadc-785980228081","point","16286.063566,20020.877658,0.000000","","","",""
"482","centres","","9962207f-2d9a-4649-af61-6f3e48909802","point","16977.891430,19418.113537,0.000000","","","",""
"483","centres","","99a9eeaa-7713-4e70-8799-0d97b9a0c0e0","point","15333.492146,21214.763656,0.000000","","","",""
"484","centres","","99be9ef1-763e-40b9-8430-cdbb2e69bd5e","point","15935.882638,19196.285011,0.000000","","","",""
"485","centres","","9b1dc034-5df6-4cc5-9f56-95f7ffa28306","point","16213.281329,19557.197773,0.000000","","","",""
"486","centres","","9b859b61-0812-4e55-9dd4-15371d777e83","point","15905.172439,19697.278316,0.000000","","","",""
"487","centres","","9bbc2ae0-8053-4e6a-b61e-8a62b7ecbf88","point","16370.340976,19517.630064,0.000000","","","",""
"488","centres","","9be78648-13da-494d-b7a0-98d180fa2f9c","point","16734.493058,19688.944726,0.000000","","","",""
"489","centres","","9c2819fe-67a2-4bb8-b80b-b60d5c13b395","point","18063.967033,20529.958670,0.000000","","","",""
"490","centres","","9c4c3641-6f26-441a-9233-d160cd47101c","point","15784.290550,20259.649713,0.000000","","","",""
"491","centres","","9c60133a-4871-4c41-97e3-b0559b256fb1","point","16593.701901,20358.662312,0.000000","","","",""
"492","centres","","9d2c1b3d-6d40-44b9-8532-bb3bba3b0e04","point","17904.707665,20530.617777,0.000000","","","",""
"493","centres","","9dae75bd-4c42-4108-838a-53103bff1d0e","point","15113.566522,20990.014107,0.000000","","","",""
"494","centres","","9dc6ea0a-ce43-4496-a84a-248ef681f227","point","17903.973067,20234.737428,0.000000","","","",""
"495","centres","","9ed18543-c6a6-45e2-ba57-5c9c1e2c2002","point","15164.373730,21077.229123,0.000000","","","",""
"496","centres","","9f259f6f-854f-4761-a21c-dc455caa19e3","point","17245.374781,20571.592550,0.000000","","","",""
"497","centres","","9fa4cbb3-f0a4-4322-87f9-78b222a473c1","point","15959.431002,21207.669856,0.000000","","","",""
"498","centres","","9febe872-1a97-479d-aecf-6cc5bfa6b8b1","point","14551.148561,21148.523705,0.000000","","","",""
"499","centres","","a066c88b-3037-41fa-96e2-4d40c049336c","point","17690.534432,20108.478553,0.000000","","","",""
"500","centres","","a06c406d-b45c-41c9-a4dc-a5db2d7ca1c1","point","15269.771969,21783.493699,0.000000","","","",""
"501","centres","","a11c86ae-639f-4c7d-a83f-5aa79b7ca038","point","18198.426135,21159.563363,0.000000","","","",""
"502","centres","","a11ef288-39d3-4e71-ba2e-1b8d44aeaf00","point","16561.226472,19964.489616,0.000000","","","",""
"503","centres","","a12e7323-e9cc-494d-b858-0fbd247dca28","point","14990.413750,21798.222234,0.000000","","","",""
"504","centres","","a1342ac0-28af-408f-b97e-e88d1272d97a","point","15982.026851,20420.492454,0.000000","","","",""
"505","centres","","a15a8c45-2acb-4f5a-b938-db4b3200e05a","point","16633.168348,20652.777291,0.000000","","","",""
"506","centres","","a177f7b9-09a8-4911-9a2e-7b3936fdf892","point","15780.674359,20762.691233,0.000000","","","",""
"507","centres","","a24c88d1-1bb0-4e44-851b-e156b63c0545","point","15740.007985,20349.647716,0.000000","","","",""
"508","centres","","a2ae5621-2ad8-4ffe-90bd-121c62b3dc38","point","15262.174611,21246.370963,0.000000","","","",""
"509","centres","","a2ecb8e9-dc8e-48b8-b3ba-6601dbc5fe49","point","15278.622987,21309.609618,0.000000","","","",""
"510","centres","","a2ecc05f-405e-4545-9d26-5f98b22057c5","point","15867.095278,21322.384962,0.000000","","","",""
"511","centres","","a2f9e3e1-6644-4a9b-b755-ee7e2d7e2cfa","point","18603.999262,21079.725632,0.000000","","","",""
"512","centres","","a3a79151-6d6d-430e-9850-fa1a81d8e13f","point","15026.432453,22071.327435,0.000000","","","",""
"513","centres","","a3b3556e-412f-4fed-a454-af322d11e55a","point","18494.681951,21357.573094,0.000000","","","",""
"514","centres","","a40e73ba-3033-4ec0-804a-a3155bd7ac01","point","15426.464088,20360.613104,0.000000","","","",""
"515","centres","","a421117d-5143-4226-a8d7-d4d4739a2c90","point","15313.129471,20664.049421,0.000000","","","",""
"516","centres","","a429eb86-c108-4b09-bd62-e0ea125995e8","point","18044.414811,21178.808072,0.000000","","","",""
"517","centres","","a44694d4-94ed-4763-b66b-59537f69446f","point","16091.838773,19838.393769,0.000000","","","",""
"518","centres","","a4663d99-577d-416a-a61f-8a693fb71091","point","15168.457895,21160.540391,0.000000","","","",""
"519","centres","","a47a7476-13b5-4c6a-ad46-7935dd3e8a37","point","15755.229489,19752.877475,0.000000","","","",""
"520","centres","","a496b017-5132-4022-bb88-71b8b89f66a6","point","16239.068396,20044.820568,0.000000","","","",""
"521","centres","","a4a84ecb-ebae-4433-9924-cbea94b55e16","point","18218.982471,21342.047316,0.000000","","","",""
"522","centres","","a4e23d6b-34e2-4728-bd8a-920c9cc45fb3","point","15369.720981,20484.934321,0.000000","","","",""
"523","centres","","a53c2fec-8564-4d38-8e28-f2036abd7bce","point","17573.204994,19406.323909,0.000000","","","",""
"524","centres","","a54e247a-1739-4a2b-8300-131bf71dd2ff","point","15317.149471,21947.015912,0.000000","","","",""
"525","centres","","a5550fa7-1fb8-4b45-9732-726bf30ee27f","point","15368.470619,20777.722574,0.000000","","","",""
"526","centres","","a5982865-309c-48cc-9d32-991ab2309975","point","18069.095252,21292.036197,0.000000","","","",""
"527","centres","","a5ff1dae-a44a-4c1b-a8ac-2008c25f7d03","point","17211.663810,21673.682171,0.000000","","","",""
"528","centres","","a6624602-c83f-4a0c-9fb7-e27f47616d62","point","15213.030629,21457.494623,0.000000","","","",""
"529","centres","","a6b0e537-3451-451b-9b6f-ed65f62640c1","point","15516.897785,20479.500044,0.000000","","","",""
"530","centres","","a6e99939-4b2b-4d5d-9682-9131eb3ee0e3","point","17052.127263,19602.644502,0.000000","","","",""
"531","centres","","a75cc0db-954b-4894-b4f6-7e3bde5b82ed","point","14851.338278,21932.857687,0.000000","","","",""
"532","centres","","a8bb5667-8134-4617-b8af-c97fe8e34f3c","point","17983.855618,21485.819348,0.000000","","","",""
"533","centres","","a9946689-ee98-481c-8866-72320c5c4028","point","17364.208376,20471.731833,0.000000","","","",""
"534","centres","","a9a10a99-4f4a-4e8d-a5bb-83c0f77bf6ac","point","14733.132713,21751.102812,0.000000","","","",""
"535","centres","","a9c6e79b-cb25-4114-85e5-92dd5989bdee","point","18774.935676,20981.352718,0.000000","","","",""
"536","centres","","a9d145c4-0459-4500-95f9-cb6783c7c2af","point","15055.447405,21809.340349,0.000000","","","",""
"537","centres","","a9e9b667-dfea-4ec4-a61d-fdee142b96b8","point","17311.014699,21406.317536,0.000000","","","",""
"538","centres","","aa02ade3-ca2c-4309-a163-80544a96c538","point","17722.201915,21754.831092,0.000000","","","",""
"539","centres","","aa284ac5-3671-4c1f-9dc4-984493bcd7e7","point","17910.539383,20610.683770,0.000000","","","",""
"540","centres","","aa5e706d-9ded-4e61-87ca-a2ca73e11575","point","15009.451231,21720.604551,0.000000","","","",""
"541","centres","","aa901a62-48e3-4ad5-848f-95d72d5a2f4a","point","16413.080292,20233.040749,0.000000","","","",""
"542","centres","","ab34005e-77a0-4e95-abcc-d5ad4eefa005","point","17404.718535,21331.426787,0.000000","","","",""
"543","centres","","ab419f91-32fa-4ad5-82f7-b3f9e6d02f77","point","14999.175356,21457.692891,0.000000","","","",""
"544","centres","","ab67db2f-7e35-415c-b3d8-2f55c634c4bb","point","16389.090130,19563.504003,0.000000","","","",""
"545","centres","","ab9563c9-3ecd-4f8f-9c5c-eae2bc6930df","point","18084.661814,20649.691355,0.000000","","","",""
"546","centres","","aba0c3e6-294c-4cb8-a467-edf8e2b8ad83","point","15727.053391,20012.098787,0.000000","","","",""
"547","centres","","abce2c05-8d6f-4edb-b4b8-482ea458dd51","point","17475.401787,20564.056757,0.000000","","","",""
"548","centres","","abea7f41-ee6f-4f61-99bf-6c669b65feb5","point","17419.505106,21691.831339,0.000000","","","",""
"549","centres","","ac6d4f3e-d180-4692-a93b-d15224754331","point","15837.195604,19435.835292,0.000000","","","",""
"550","centres","","ac7f8e47-c16b-4bdf-9042-4f724119c00d","point","16772.512602,20678.346224,0.000000","","","",""
"551","centres","","ac90b7a6-5851-41f1-ba19-2a3135f846a5","point","18217.128263,20158.637224,0.000000","","","",""
"552","centres","","ad656a03-f1e1-4204-bb9f-9cec9f4dc453","point","17123.545181,21555.731852,0.000000","","","",""
"553","centres","","adc39244-7f34-4d53-bf3a-0e7a7ad6ff34","point","16307.840480,19901.592613,0.000000","","","",""
"554","centres","","ade6382e-a84a-46b3-a429-35eef70ce7e0","point","15593.309726,21258.038220,0.000000","","","",""
"555","centres","","adfa3cd9-b9af-4586-be5e-ed32275841b7","point","17215.931957,21482.029922,0.000000","","","",""
"556","centres","","ae28183e-f7f7-45ed-93c5-c8a5e5a72302","point","18270.665290,21014.128629,0.000000","","","",""
"557","centres","","ae2a45da-1ad4-45ca-be02-08207246796a","point","18459.886539,21029.652614,0.000000","","","",""
"558","centres","","ae6086e0-e33d-42b8-ac58-bad7ed4b0e4f","point","17570.185112,21338.493057,0.000000","","","",""
"559","centres","","af2462ab-6c94-4d3c-acfb-bcc048d5e8c2","point","17719.748109,20812.294483,0.000000","","","",""
"560","centres","","af3e8a10-f4c2-4433-ab9e-7570beafecf1","point","18283.388831,21484.831328,0.000000","","","",""
"561","centres","","af402219-9e5b-4e95-a85e-103c994b72fd","point","19518.653770,20858.888977,0.000000","","","",""
"562","centres","","af5b274f-88df-4bf1-b2b2-7ab0be8674f9","point","18728.126091,20801.775539,0.000000","","","",""
"563","centres","","afeefa90-6b95-49a5-93cc-84fb9cc45144","point","15925.295194,19580.107091,0.000000","","","",""
"564","centres","","aff9eee4-33b0-44df-9a22-6f8cf351cc2b","point","17021.198183,20320.129041,0.000000","","","",""
"565","centres","","b01e1f49-686c-4908-9837-9ec006fb6fa0","point","18961.911190,21257.403297,0.000000","","","",""
"566","centres","","b0c601dc-28b6-47b5-8992-c1939f9abcc7","point","16885.417393,20443.675451,0.000000","","","",""
"567","centres","","b0c72b2d-6fee-4237-84d0-be3134e9df63","point","16722.638363,20063.707174,0.000000","","","",""
"568","centres","","b1638aae-39cb-4ef1-a57a-b77b4c634370","point","16926.100876,20166.962398,0.000000","","","",""
"569","centres","","b169156b-8e1b-4c7b-a448-4d4b5028336d","point","16827.387479,19566.159733,0.000000","","","",""
"570","centres","","b1722f07-57ed-4537-a620-e4df1e6dcd69","point","16608.989570,20206.443902,0.000000","","","",""
"571","centres","","b1811602-67f1-4c55-b34e-278d1ec4e907","point","14949.660495,21963.174654,0.000000","","","",""
"572","centres","","b1bfd896-1747-4843-a4ce-ad2d6949d795","point","16762.263092,21205.433642,0.000000","","","",""
"573","centres","","b2c469c3-32f5-4e8e-8ab5-15a0a398df3c","point","14690.300445,21132.379009,0.000000","","","",""
"574","centres","","b2dd4de1-bad1-429d-8322-d86e2033a9d7","point","15247.451962,21706.401691,0.000000","","","",""
"575","centres","","b352a5ba-ab2b-495f-8195-a585069030db","point","18955.546667,21025.994938,0.000000","","","",""
"576","centres","","b3af87f9-7dff-4fc0-8fa9-bbb35c756efa","point","17662.644705,19489.317670,0.000000","","","",""
"577","centres","","b4687363-054a-47b4-a897-8d050c5701f2","point","15859.399453,20395.290154,0.000000","","","",""
"578","centres","","b4a86db9-a66b-4e05-b275-817d21658229","point","17162.125060,20224.123635,0.000000","","","",""
"579","centres","","b4fb65f6-2876-471a-8e46-1aa4fe0a4fc9","point","19113.994937,20967.188817,0.000000","","","",""
"580","centres","","b54593e6-0a61-400c-babc-a83bc3a23206","point","18040.390513,21633.215183,0.000000","","","",""
"581","centres","","b5631053-202c-49de-88af-d8690351eff5","point","15233.536300,21203.493878,0.000000","","","",""
"582","centres","","b5b35e0e-8b9f-462b-a2cc-7c7c82942886","point","15071.718222,21651.015892,0.000000","","","",""
"583","centres","","b62ccb0e-bfc2-4f6a-a486-229ad9125390","point","14703.265388,21249.188051,0.000000","","","",""
"584","centres","","b648d9b8-3a31-4d86-8bbb-ea81b9917c75","point","15342.934033,21407.823072,0.000000","","","",""
"585","centres","","b6b749ec-d3b4-4421-89eb-d80d89f17720","point","15330.347733,20606.097773,0.000000","","","",""
"586","centres","","b6cb70f1-a238-4246-93b3-c0f1565ecd44","point","15209.144565,21882.923391,0.000000","","","",""
"587","centres","","b6d7ca4c-7996-4902-b3df-86814a354d69","point","17348.326059,21750.937955,0.000000","","","",""
"588","centres","","b72063b0-f813-44dc-97a8-8d4eb2d121ab","point","15669.108179,21387.551835,0.000000","","","",""
"589","centres","","b7283640-66e4-49db-8376-cf8dcc2b582d","point","15398.193355,21459.541978,0.000000","","","",""
"590","centres","","b7534285-e27a-4ccb-bb3c-24b6503d9814","point","16067.302184,19415.766546,0.000000","","","",""
"591","centres","","b7642998-447e-45ef-96bb-41c6c4ac1757","point","16541.097652,19514.964739,0.000000","","","",""
"592","centres","","b79c050a-2955-4919-97c9-e0b2ed23ff7f","point","16142.816403,20632.944820,0.000000","","","",""
"593","centres","","b7f94a1e-f9aa-4e51-9052-607f86972c89","point","16965.502579,19704.666154,0.000000","","","",""
"594","centres","","b892e729-260e-468b-b10e-8197959a60c3","point","16037.837654,19337.457846,0.000000","","","",""
"595","centres","","b8b376cf-a12c-42b1-9b7e-8eb1c47ebf26","point","15554.356640,21120.725094,0.000000","","","",""
"596","centres","","b8f1e4f1-44e3-4335-8891-7a4876707a84","point","18375.949055,21362.509485,0.000000","","","",""
"597","centres","","b9068aae-f519-4625-83f6-b3de27a07100","point","16757.659669,20206.630331,0.000000","","","",""
"598","centres","","b92654ed-0819-4b74-b10b-60dec23a0db3","point","18691.796501,21549.293001,0.000000","","","",""
"599","centres","","b9792a6d-3b61-42b8-b5ef-5456b10689cb","point","16327.530303,19054.801474,0.000000","","","",""
"600","centres","","ba32fda2-8e28-49df-a054-7bbdf8057dee","point","17678.155562,21113.261873,0.000000","","","",""
"601","centres","","ba7b5bcd-f805-4fdd-b127-d876ec5535f3","point","17916.931227,20849.629958,0.000000","","","",""
"602","centres","","ba9575d4-642e-45c4-a306-d8956fe8cdb6","point","18814.186661,21485.333266,0.000000","","","",""
"603","centres","","bacc2201-0483-4c83-87ce-908fa8a35d84","point","17666.074418,20489.286915,0.000000","","","",""
"604","centres","","bb0b2e68-efad-4926-a1ea-44080402a233","point","16486.721880,19680.056948,0.000000","","","",""
"605","centres","","bb4ca977-7dcd-4872-a2e2-f60a5a17ba53","point","18878.658589,21100.177754,0.000000","","","",""
"606","centres","","bb8b5de2-32c6-47d0-aff9-faca905547f5","point","16739.777227,21479.080109,0.000000","","","",""
"607","centres","","bbc996e6-4188-416d-9c45-d6fcab8ba516","point","18068.143104,20479.488587,0.000000","","","",""
"608","centres","","bbf63ccb-e689-4d23-86be-23a163151c24","point","18931.607138,20930.990744,0.000000","","","",""
"609","centres","","bc8a7f9d-5731-45b6-b8cc-e412ad4f8e7a","point","17842.897123,20050.921530,0.000000","","","",""
"610","centres","","bcdbc157-1a6c-484d-a932-09787bd01125","point","16637.908471,20011.391184,0.000000","","","",""
"611","centres","","bd247e78-bef6-4e94-baf4-2bcd25b07784","point","18310.115588,21266.521582,0.000000","","","",""
"612","centres","","bd2c9693-7300-4359-9cce-75520f5effc4","point","14802.011504,21595.364939,0.000000","","","",""
"613","centres","","bd337dbe-c746-447c-bb46-ad3609bee022","point","16400.840886,19413.571345,0.000000","","","",""
"614","centres","","be411285-86be-4ea2-86cc-aa2c8fdeda4f","point","16469.968368,20313.513472,0.000000","","","",""
"615","centres","","bebd6194-a92d-4738-bf3f-29c26b52bdae","point","19672.911230,20755.780802,0.000000","","","",""
"616","centres","","bed6cb2f-a210-4b7b-9850-0beab8f2cb94","point","16313.745256,19587.395765,0.000000","","","",""
"617","centres","","beea3c61-d98b-4282-a2b7-7a8ac412d0aa","point","16047.823057,20802.381433,0.000000","","","",""
"618","centres","","bf1504ca-dd9d-49d2-b94f-990602193cf7","point","15800.013827,19481.709577,0.000000","","","",""
"619","centres","","bf751220-e108-469b-b6c9-3856331913a1","point","16010.429958,19506.069804,0.000000","","","",""
"620","centres","","bf8a85b3-7a44-4399-b815-5061a382ead6","point","17095.294720,19757.415128,0.000000","","","",""
"621","centres","","bfaad6aa-26ee-4bbe-8124-bbb7f48d6979","point","17625.939164,19675.121637,0.000000","","","",""
"622","centres","","bfcb9aca-4d90-492e-88f6-718708244312","point","15703.026795,19842.990824,0.000000","","","",""
"623","centres","","c07bce16-39c9-471b-979e-6a47415f70d5","point","18679.214744,21045.433978,0.000000","","","",""
"624","centres","","c0b05eea-c1f3-4baf-acf0-a8f71555a0f4","point","16300.029092,19554.247568,0.000000","","","",""
"625","centres","","c14d8195-554f-4ccb-9c1e-a31ff42f1cbc","point","17820.743391,20840.033185,0.000000","","","",""
"626","centres","","c1f2104b-4c3b-469f-84c8-e5d4dff50b33","point","16426.744928,19881.745682,0.000000","","","",""
"627","centres","","c2492814-1d1f-481a-a88b-42c9fb582b1a","point","15963.097013,19893.297985,0.000000","","","",""
"628","centres","","c26768db-29e2-4121-a6cd-cadcd60d79d5","point","15772.616000,20891.309166,0.000000","","","",""
"629","centres","","c2fb0458-ec46-45c3-bd49-9036050a9e3b","point","15071.772298,20991.587362,0.000000","","","",""
"630","centres","","c31b2487-7a85-4aa2-899e-158b431ca6bc","point","16953.180576,21295.164721,0.000000","","","",""
"631","centres","","c34c45ba-7f6f-472e-a16d-28fb5121f252","point","16188.628295,20317.222480,0.000000","","","",""
"632","centres","","c38e84bf-002f-4392-bae9-a065b0869130","point","17673.395933,20420.083629,0.000000","","","",""
"633","centres","","c3a0a2ef-9778-409e-bce2-f4df5828b094","point","17020.581266,21621.177342,0.000000","","","",""
"634","centres","","c3fdd8d4-12af-48ea-bcdf-2b974308a9df","point","19098.813639,20791.035948,0.000000","","","",""
"635","centres","","c46a8a05-9095-403e-b656-94ac6386b0c7","point","17774.108094,19992.389549,0.000000","","","",""
"636","centres","","c4cff672-93d5-4da1-b1b5-445815e20feb","point","19071.648297,20749.508802,0.000000","","","",""
"637","centres","","c4e1c2e0-cf10-4d21-bfcd-5d61230f6cee","point","18756.323990,21182.794212,0.000000","","","",""
"638","centres","","c53216e7-0e6f-4357-a966-7649b7f59d5a","point","16817.043042,20119.939922,0.000000","","","",""
"639","centres","","c53b3e70-bf3c-43aa-85fa-0f3793c09d33","point","16939.101056,19563.724765,0.000000","","","",""
"640","centres","","c569e48e-92ab-4542-ba51-7e34aeb530e5","point","18799.723276,21412.596577,0.000000","","","",""
"641","centres","","c5a68fe0-12f9-46bb-8186-8fce3c485e4d","point","18320.555318,21187.307977,0.000000","","","",""
"642","centres","","c5c0b556-ac44-4311-b65e-269b06f269a0","point","17889.208427,20944.649845,0.000000","","","",""
"643","centres","","c613e562-a1a1-47d9-88c3-c97bd252811a","point","17745.396652,20493.912414,0.000000","","","",""
"644","centres","","c6d2b8f1-ddf2-48f7-8eae-edc4a0125f0a","point","18028.427411,20976.568826,0.000000","","","",""
"645","centres","","c6f87bfd-d6bb-4cad-b955-42cc1ff00c57","point","17880.588252,20277.957269,0.000000","","","",""
"646","centres","","c6fa8c35-9435-418c-9474-183fe1c6fab2","point","16891.364672,20692.126873,0.000000","","","",""
"647","centres","","c70dccb9-a3f1-45b0-b843-fcda9bfa7b97","point","19149.666400,20901.778665,0.000000","","","",""
"648","centres","","c7703918-95fb-45d9-8f12-73050a2bade7","point","18139.409479,20319.412175,0.000000","","","",""
"649","centres","","c78ad794-62eb-4415-b8a0-d2e99e0df754","point","18451.007459,20950.245689,0.000000","","","",""
"650","centres","","c7d97871-d05b-4b2a-9e13-49e2cb9895b0","point","15114.163742,21149.648347,0.000000","","","",""
"651","centres","","c82c1cfe-20e3-4181-891d-0f76df35213e","point","16610.889385,20535.236430,0.000000","","","",""
"652","centres","","c8c3d982-b8d8-4451-b8d9-da89bf16925c","point","18952.651892,20728.400874,0.000000","","","",""
"653","centres","","c8c83f92-76b3-47a6-a3f1-0011567968d4","point","17930.528650,21214.096377,0.000000","","","",""
"654","centres","","c9813fb9-1cf0-4635-9cd2-94ed2e859600","point","16075.776500,21416.988826,0.000000","","","",""
"655","centres","","c9837094-d9d1-4b80-bbd8-6530a1820b50","point","17873.641221,21296.147636,0.000000","","","",""
"656","centres","","c9d37a9e-fd93-4423-8761-4cee9593d9f2","point","15293.380705,21046.139431,0.000000","","","",""
"657","centres","","c9d6074e-0b46-4271-9d20-67b869c8b3ab","point","18152.884717,20101.965523,0.000000","","","",""
"658","centres","","c9d83f60-00f9-4f3c-92a6-b279465c8b8d","point","17809.786256,21387.922181,0.000000","","","",""
"659","centres","","c9f7cea4-e593-4d8a-a308-a7fd4f64cba0","point","16509.873786,20624.315465,0.000000","","","",""
"660","centres","","ca7df000-657b-493a-8dd3-c9a39db132c1","point","15204.154394,21004.583070,0.000000","","","",""
"661","centres","","cacbc6d9-a9bb-47fb-8183-5357fc093a51","point","17604.697735,20057.737062,0.000000","","","",""
"662","centres","","cb659991-6ee6-4134-ba0b-07ff1af639fe","point","17139.669383,20338.352682,0.000000","","","",""
"663","centres","","cb756265-8301-4dbf-84ce-9e69d8b177eb","point","18834.923861,20925.429994,0.000000","","","",""
"664","centres","","cbf660ea-42e5-4fac-875b-140acc2b7bcd","point","16539.025778,20136.426930,0.000000","","","",""
"665","centres","","cc0d0e62-be30-4e1e-b9a2-fc2b062dd61c","point","17567.957707,20125.897834,0.000000","","","",""
"666","centres","","cc11485b-8441-4c55-9e4c-0707e3f5247f","point","14971.385620,21875.682108,0.000000","","","",""
"667","centres","","cc352b28-f17e-46dd-a803-fd98684b2b9a","point","15435.619131,21279.718493,0.000000","","","",""
"668","centres","","cc81249c-1286-48e2-989c-589946e272f2","point","17134.507830,20687.391573,0.000000","","","",""
"669","centres","","cc828d1f-d1c0-4645-930d-36f1056a2e81","point","14459.414528,21129.667973,0.000000","","","",""
"670","centres","","cc884c19-715c-40a8-b5ad-cb5babcca1d1","point","15227.825643,20928.894553,0.000000","","","",""
"671","centres","","cc8ddeda-6072-468f-bfe0-4742c3db14aa","point","16406.324805,19305.342938,0.000000","","","",""
"672","centres","","ccd4929f-b696-4600-81f7-57f128bb51d4","point","16135.102353,19828.720837,0.000000","","","",""
"673","centres","","ccefcce3-9d9c-49ba-889a-c74239037848","point","17810.925294,20244.203003,0.000000","","","",""
"674","centres","","cd75da1e-1e19-47ef-bcf1-944a5e4b7d86","point","17257.603046,19729.408821,0.000000","","","",""
"675","centres","","ce2c47b6-fed0-4eae-b367-84bff09063a3","point","17752.366372,19572.761469,0.000000","","","",""
"676","centres","","ce48d156-f11c-4882-af49-1545d847c645","point","16887.307066,21154.120512,0.000000","","","",""
"677","centres","","cefdf785-894b-481d-a5e2-892a898f3ec2","point","15744.818322,19639.097191,0.000000","","","",""
"678","centres","","cf528aa3-4f2b-46b3-9c1f-806a33d5b3b5","point","18075.930932,20440.922356,0.000000","","","",""
"679","centres","","cf5ec733-b1ba-480a-aa90-b69df0349993","point","16442.603040,19480.096557,0.000000","","","",""
"680","centres","","cfbd5510-2e7c-4e51-8cdd-40a7cf899ab3","point","16475.787995,20072.224205,0.000000","","","",""
"681","centres","","d0041183-12b0-4e19-9b42-60a9187d3e4f","point","16101.966513,20326.137009,0.000000","","","",""
"682","centres","","d02b5efc-487a-49e5-aac4-7dfdec00c2b8","point","15906.954850,19479.936113,0.000000","","","",""
"683","centres","","d0835458-98e3-4009-b7f4-532989c78fdc","point","16222.063411,20511.647016,0.000000","","","",""
"684","centres","","d15319e1-2f0e-4535-8f58-88b1ad07c887","point","17686.534837,20354.656730,0.000000","","","",""
"685","centres","","d1bcb755-150e-477b-9df0-208d2e3fbc3f","point","18111.831808,21601.683958,0.000000","","","",""
"686","centres","","d1ff43a7-14c1-4dbc-97b1-5070cd1238e5","point","15888.079945,20299.598245,0.000000","","","",""
"687","centres","","d2740820-45c1-4954-8f9c-5de7c9732c5e","point","15097.399178,21493.959710,0.000000","","","",""
"688","centres","","d28a6683-2e46-4dda-9988-389d9423930f","point","16186.645634,19189.091983,0.000000","","","",""
"689","centres","","d2a66514-8e7f-4233-baa7-b510bd33efb1","point","16048.364137,20662.858811,0.000000","","","",""
"690","centres","","d2afd785-dbcd-421f-b969-022a69766dac","point","16466.890768,19225.572173,0.000000","","","",""
"691","centres","","d2b4a8c7-413a-472d-996d-7f76883fa63f","point","17665.276436,20557.901050,0.000000","","","",""
"692","centres","","d2d79501-1398-4d4e-918d-7ed1cb81aa2a","point","15826.720573,19627.781670,0.000000","","","",""
"693","centres","","d38138d7-3926-481f-9054-47582cb9aac4","point","16336.196688,19463.131486,0.000000","","","",""
"694","centres","","d43a96ad-1d92-4889-b06c-35da88497241","point","15929.963861,20584.961258,0.000000","","","",""
"695","centres","","d4671121-3065-48a1-be8d-99905a5f540e","point","18667.677720,21223.854205,0.000000","","","",""
"696","centres","","d4aa8462-6716-44ed-b5fd-d83c4acd9c83","point","14735.854436,21641.355211,0.000000","","","",""
"697","centres","","d4e24c2e-2194-4113-ac52-65eafe066fc9","point","18892.590591,20978.050338,0.000000","","","",""
"698","centres","","d5007673-c28b-4981-aa82-2171c3b54baf","point","15753.522433,20616.699925,0.000000","","","",""
"699","centres","","d60266c6-beee-4cd3-a7f5-c7fe15bbe814","point","17936.269598,21593.902307,0.000000","","","",""
"700","centres","","d656512b-0ce1-45fe-b6b9-8355bf10c8d2","point","16517.389678,19114.322562,0.000000","","","",""
"701","centres","","d6b70dea-85ea-492f-82f1-45f5acd45005","point","15986.513746,20725.727926,0.000000","","","",""
"702","centres","","d6f02132-7aad-416e-8207-c1176e8f9ec8","point","16302.193134,20189.607720,0.000000","","","",""
"703","centres","","d6fcdf40-bb31-46d5-866e-64e65a46b29a","point","17999.172481,20014.736173,0.000000","","","",""
"704","centres","","d753bf38-bda8-4ce2-8b18-e50880ef19b0","point","15722.157521,20810.209834,0.000000","","","",""
"705","centres","","d7872a2f-c1d2-480a-b9b6-c477e158631d","point","16150.586400,19344.251254,0.000000","","","",""
"706","centres","","d81c9050-3efc-4f36-9d56-ddbb5be41125","point","15925.805691,19752.645814,0.000000","","","",""
"707","centres","","d8a136eb-66eb-42c2-ba08-3ebb833c7583","point","15689.585430,19772.542937,0.000000","","","",""
"708","centres","","d9104219-dea6-4105-83fe-2c36a550b342","point","15385.823314,21019.783919,0.000000","","","",""
"709","centres","","d92180e8-0d67-41be-907a-1e3f71a1c9f5","point","18450.523298,21192.035541,0.000000","","","",""
"710","centres","","d9bb0a13-308b-467d-8d5d-7ce8b9916f63","point","17947.490403,21839.929050,0.000000","","","",""
"711","centres","","da59242d-8de3-47ec-a0b6-066a64fa4231","point","17516.586470,20809.083831,0.000000","","","",""
"712","centres","","da5e7a5b-424e-4cc7-853a-978dbab58168","point","15128.548089,21982.000876,0.000000","","","",""
"713","centres","","daf73c0a-7a9a-4fbf-a75f-0504a88fa079","point","17374.915395,20374.487238,0.000000","","","",""
"714","centres","","dbf50c53-a951-404c-a354-aba53608351f","point","16511.611518,19444.028586,0.000000","","","",""
"715","centres","","dc0b98ac-5e54-4cfd-bc26-719b225ac0f3","point","18120.420696,19936.597333,0.000000","","","",""
"716","centres","","dc2dee76-d549-4202-b567-55f3fbcd9141","point","16466.276758,20546.037940,0.000000","","","",""
"717","centres","","dc49b3f3-ade0-4f5c-8222-26dc0d70f418","point","15839.944773,20711.236428,0.000000","","","",""
"718","centres","","dc53d41b-369f-45e9-a583-7f042348bfdc","point","15848.809941,19231.302894,0.000000","","","",""
"719","centres","","dcf99138-057c-40e4-af6f-bf44c27d688a","point","16099.571383,19916.217668,0.000000","","","",""
"720","centres","","dd0a693b-afe3-4b1e-9660-bdddd70a5f79","point","17714.481973,19754.255852,0.000000","","","",""
"721","centres","","de070a3a-e8e9-415a-89da-7e449eb879f0","point","15350.346819,20542.963140,0.000000","","","",""
"722","centres","","df0ae412-775b-47dc-b883-6c9e87c11388","point","17598.801384,20332.164415,0.000000","","","",""
"723","centres","","dfd2a2e8-e3e6-4226-86eb-4aad3098dcc1","point","17613.000533,19855.243380,0.000000","","","",""
"724","centres","","e03d7932-0b31-4e50-893e-5730e72a3a0d","point","14869.063150,21655.207725,0.000000","","","",""
"725","centres","","e06b0e86-fc8d-4d76-9d99-1b16690d0a1e","point","16339.132355,20272.321828,0.000000","","","",""
"726","centres","","e0862be4-146a-489a-b7e3-27aa3c3d5ad9","point","15661.616999,20857.895304,0.000000","","","",""
"727","centres","","e09804fb-6f81-4e61-9b18-334dbac9ee12","point","17220.236668,21017.612176,0.000000","","","",""
"728","centres","","e0d38237-4422-40d0-bbd5-45a2530fb4de","point","15246.366177,21423.052757,0.000000","","","",""
"729","centres","","e0ff2855-5852-49c6-bc8a-ba3fc75de047","point","18076.724868,21523.277139,0.000000","","","",""
"730","centres","","e1124174-aaf5-4cc8-8626-b885a31424b2","point","17278.326746,20252.844321,0.000000","","","",""
"731","centres","","e12522ea-ea83-4d2c-8808-d6c314aa884d","point","16357.219258,19839.144447,0.000000","","","",""
"732","centres","","e1278dec-5217-4796-bc24-f4a6090c37f7","point","17006.851979,20450.902931,0.000000","","","",""
"733","centres","","e1b097a2-30b2-4bdd-8704-a02944a77e58","point","14982.691245,21202.788562,0.000000","","","",""
"734","centres","","e2b4c064-acfd-4f21-b08f-85ecce6ce428","point","17498.475275,21256.741314,0.000000","","","",""
"735","centres","","e308861b-a77e-42da-8ac5-2878c4f33251","point","17654.743924,21852.407765,0.000000","","","",""
"736","centres","","e3a07ebc-decc-4eca-a376-c8aa984a3676","point","16621.913481,19387.580981,0.000000","","","",""
"737","centres","","e3ba8219-e5bf-4783-86b4-5bf124f1096c","point","16206.134470,20415.277652,0.000000","","","",""
"738","centres","","e53afadc-7703-4bf5-9a10-2c7c57edb50f","point","15856.830380,19541.795166,0.000000","","","",""
"739","centres","","e5d0371d-ebfc-44a0-8535-63d4d3dda759","point","17157.693320,19660.088880,0.000000","","","",""
"740","centres","","e67bc32f-c006-4c47-94f2-18f04c739507","point","17006.435314,20576.495345,0.000000","","","",""
"741","centres","","e6d8d3a8-40db-4e57-b78b-42f49eec8817","point","14641.466332,21161.492596,0.000000","","","",""
"742","centres","","e6fd3936-163f-4d2d-963b-063689cc4838","point","16568.331271,21100.444361,0.000000","","","",""
"743","centres","","e77bf0a0-0c1a-479e-ae36-23bd9562d4b0","point","17984.290904,20530.253042,0.000000","","","",""
"744","centres","","e787a44a-0e31-4b9d-b55b-cf2a54db16bb","point","15858.578024,20106.745275,0.000000","","","",""
"745","centres","","e7edc469-f8b8-4b30-8bd6-c6cff5ffd79e","point","18014.266736,20220.100052,0.000000","","","",""
"746","centres","","e8a79781-f816-442b-8e21-e025b31df972","point","16322.306853,20486.428178,0.000000","","","",""
"747","centres","","e8d41c2f-0508-4c5b-b501-955034ea3f38","point","16231.164524,19590.197909,0.000000","","","",""
"748","centres","","e8eac72f-dee3-431c-9004-4f4963d91bf2","point","17982.152538,21139.580555,0.000000","","","",""
"749","centres","","e906d655-6f8e-4480-8271-522f7719c7ea","point","17130.055455,21363.072813,0.000000","","","",""
"750","centres","","e909f44c-777a-496f-b60c-6f97f6e29d9b","point","18706.118313,21417.124371,0.000000","","","",""
"751","centres","","e9375fb2-d933-4946-9ccd-c0b06ef77aea","point","16320.709539,19717.516084,0.000000","","","",""
"752","centres","","e97296ee-b5b1-449d-9a37-92eb6589a95c","point","16693.474958,20275.844630,0.000000","","","",""
"753","centres","","ea69402c-67a2-470a-9150-fb18ace25637","point","14944.413497,21700.136720,0.000000","","","",""
"754","centres","","eaa60924-1388-4905-a944-eeafe4ab7902","point","16246.174543,19643.830369,0.000000","","","",""
"755","centres","","eabe8425-7043-41ea-ba01-029f19435df4","point","15495.691485,21433.071985,0.000000","","","",""
"756","centres","","eac47551-68d2-4b00-a079-a96bc3912a48","point","18136.628772,21537.609969,0.000000","","","",""
"757","centres","","eacebda4-0154-4396-9a35-d217bcb7d161","point","16458.280435,19972.625373,0.000000","","","",""
"758","centres","","eb7fb2e7-6a1f-488b-82b5-c89435e7b791","point","16092.169612,20078.604607,0.000000","","","",""
"759","centres","","eb933d45-93c0-4eb1-83fa-6affbbe24587","point","17837.147163,20195.141131,0.000000","","","",""
"760","centres","","ed14c2e7-0136-43db-913d-a705901815be","point","17887.977583,21703.726737,0.000000","","","",""
"761","centres","","ed4aa623-02c7-4a9b-aff1-abd0188114e6","point","16446.426040,20443.675560,0.000000","","","",""
"762","centres","","edc0d64d-849b-477f-8fb3-168974f6e5c6","point","17985.761219,20936.612043,0.000000","","","",""
"763","centres","","edd545d6-bc7f-496a-a69d-c8bee93e55f9","point","18029.208403,20862.530389,0.000000","","","",""
"764","centres","","ee8ba8da-1ba1-4711-9353-862b8c7dcebf","point","17926.824411,20198.432517,0.000000","","","",""
"765","centres","","ef265d9e-10cc-4eb7-8095-bfc3f2aba3ee","point","17872.438543,21046.481077,0.000000","","","",""
"766","centres","","f02d6fbb-5510-47e9-84da-d803487af248","point","17642.224719,19998.941958,0.000000","","","",""
"767","centres","","f0a74d2f-528b-4571-a913-1d91fbb5ce04","point","18060.723498,19877.277930,0.000000","","","",""
"768","centres","","f0b1de7e-c254-48bc-a63d-ac725d1d2529","point","16464.337969,18951.011453,0.000000","","","",""
"769","centres","","f10c362b-0452-4cfa-afd6-9508483bbb12","point","15037.304612,21164.284751,0.000000","","","",""
"770","centres","","f10d9820-ed96-42f2-8327-9d71fb6a9592","point","15361.006346,21108.768268,0.000000","","","",""
"771","centres","","f236b235-dab2-4a50-b83c-885be909753d","point","15671.400411,20708.520928,0.000000","","","",""
"772","centres","","f2755798-2a85-4f76-b7a3-ad0473c9c98d","point","18824.521806,21041.906083,0.000000","","","",""
"773","centres","","f27853bb-963f-4fb1-a6d5-8c76481b51da","point","17485.486295,20391.420350,0.000000","","","",""
"774","centres","","f2d2159e-aaa7-40b3-87ce-c1aef316a052","point","15974.553728,18811.261944,0.000000","","","",""
"775","centres","","f2f655b8-e503-474e-b769-2a497745b4f0","point","15411.800573,21189.848846,0.000000","","","",""
"776","centres","","f304a880-b56e-4fe3-b94f-7bcf7b37f26d","point","17670.762148,20626.702376,0.000000","","","",""
"777","centres","","f37cfd51-6f47-4cea-b22d-61cb340cff59","point","17360.993304,20025.020176,0.000000","","","",""
"778","centres","","f38d2edb-7a3d-4b69-ab29-5021324a38fb","point","19183.941973,20823.106246,0.000000","","","",""
"779","centres","","f436d74a-47a6-4d57-86cc-c80c3c1b1a5a","point","16244.559516,19950.686337,0.000000","","","",""
"780","centres","","f43fb6de-f064-4eca-b5ba-77f5f6cf5c9f","point","18009.965249,20676.530921,0.000000","","","",""
"781","centres","","f461b522-98c3-43e4-91ad-588dcf83895a","point","17934.691672,20703.592490,0.000000","","","",""
"782","centres","","f4808ee2-90b2-42d0-b58d-20df1e472378","point","16235.703093,20603.580856,0.000000","","","",""
"783","centres","","f4d46844-489b-4921-a2fd-965ceeb5e0a4","point","15239.950965,22052.130105,0.000000","","","",""
"784","centres","","f4ed4b64-a265-4b50-9673-8651bbc20617","point","18996.097318,20976.571722,0.000000","","","",""
"785","centres","","f5366988-9304-4ab6-a1d8-a15e626cf2b1","point","19306.301031,20763.493793,0.000000","","","",""
"786","centres","","f55265b3-3915-4345-aa31-1894bd8242a9","point","17371.269642,20663.776016,0.000000","","","",""
"787","centres","","f5a4c1a3-539b-4687-a52b-00a56e9c25de","point","15290.059456,21149.459120,0.000000","","","",""
"788","centres","","f5baf5af-938a-4eec-a37d-481e969d8437","point","17508.384489,20000.666386,0.000000","","","",""
"789","centres","","f607fe38-1ca9-41c5-8fa6-54745ef39f78","point","17889.735683,20803.835185,0.000000","","","",""
"790","centres","","f60d0c8a-9664-4611-89b1-4fd52d900d1c","point","15887.745707,20930.362851,0.000000","","","",""
"791","centres","","f6796107-9ffe-4794-aa86-ae94f6251e45","point","14718.718021,21185.216617,0.000000","","","",""
"792","centres","","f6a6e3d1-45ba-4b2a-8b7e-84a8c584989f","point","17764.849209,20371.644060,0.000000","","","",""
"793","centres","","f753cc35-e468-4fec-a94b-ba902d6c0448","point","18760.628698,21451.524087,0.000000","","","",""
"794","centres","","f75cc3b9-e905-4113-8f06-455f15de0724","point","16234.894559,19286.425449,0.000000","","","",""
"795","centres","","f81b447d-c976-4824-a571-155a9c57b4fb","point","17152.637161,19173.721953,0.000000","","","",""
"796","centres","","f81fd18a-2416-4de6-af31-b30fde680688","point","15122.231480,21812.148376,0.000000","","","",""
"797","centres","","f880854e-8a9a-43a7-9d3c-ddc2701a744e","point","15291.956316,21860.430527,0.000000","","","",""
"798","centres","","f8b58683-7871-4a34-9751-31e383a44103","point","16327.420968,21454.264882,0.000000","","","",""
"799","centres","","f92ef0d4-2fb6-4466-9e9e-00765bf08e9e","point","15063.166945,20914.100681,0.000000","","","",""
"800","centres","","f9335e2f-8351-4ddf-9dda-fbd98c81030b","point","15675.107434,18979.522376,0.000000","","","",""
"801","centres","","f94b6b6b-40ff-4d1d-9a52-86fe7f58c789","point","16325.983304,20087.609052,0.000000","","","",""
"802","centres","","f958dacf-479b-4fae-9ad7-22ac02ea0f32","point","17950.214964,20896.187370,0.000000","","","",""
"803","centres","","f95f2a4b-5a75-4899-b05b-b574bcbea9d2","point","17140.199066,19322.519408,0.000000","","","",""
"804","centres","","f963fc10-f907-412f-bdfa-36cada2bfd61","point","17698.188417,19927.691520,0.000000","","","",""
"805","centres","","f99e74ae-a7b5-49d7-b96e-688113ca51b1","point","18113.244826,21418.863625,0.000000","","","",""
"806","centres","","fa5c5763-f521-432d-a193-cf53708debdd","point","17526.361572,21796.792633,0.000000","","","",""
"807","centres","","fab2da6c-f345-48a5-88a4-1bd5f5ac01cd","point","15650.315294,21069.135673,0.000000","","","",""
"808","centres","","fb89bea3-1b5b-4cb9-9284-0c297261f9de","point","17030.937915,21427.685031,0.000000","","","",""
"809","centres","","fbe4ae2b-b692-461e-85d5-e41263e0e9d3","point","17409.582924,20842.011931,0.000000","","","",""
"810","centres","","fc00124e-50ab-43f6-8e82-c3757b8d0650","point","16128.085179,19502.373354,0.000000","","","",""
"811","centres","","fc2f26bc-066a-4ce6-bb98-1c1fae76984c","point","18706.563139,21350.865174,0.000000","","","",""
"812","centres","","fc4d1959-dd04-4931-b083-1ab60dad77b6","point","15753.424643,19585.302562,0.000000","","","",""
"813","centres","","fc68904f-c8c7-475b-a298-6349937ec9fd","point","16477.085746,20190.039141,0.000000","","","",""
"814","centres","","fcd89569-f7f1-4bf1-a415-4e1f2a18f747","point","17867.262328,21165.553869,0.000000","","","",""
"815","centres","","fcf401d9-9e8a-45bb-b2b0-2086a1e21b0c","point","18000.351469,21257.758453,0.000000","","","",""
"816","centres","","fd185249-54b2-4f6f-97e1-1a4145c888cf","point","18217.494659,20908.351161,0.000000","","","",""
"817","centres","","fd1c1eb4-3301-4146-b758-f97f5cea92ae","point","16443.256790,21141.756177,0.000000","","","",""
"818","centres","","fd29d2dc-3eec-4bea-80a9-17ae67a64231","point","15181.120945,21725.713493,0.000000","","","",""
"819","centres","","fda25f16-bbc6-4d74-ae23-b8aaee629b4a","point","19434.617133,21013.091543,0.000000","","","",""
"820","centres","","fe5bc38d-1fd0-4d87-8b97-ce3c3c549bfc","point","16539.168652,20268.886481,0.000000","","","",""
"821","centres","","fe7a1d18-c36b-4a77-864c-c175d46b6222","point","17848.892669,20706.924980,0.000000","","","",""
"822","centres","","fe7aaf37-f40b-4f97-8529-61ea57c79e8c","point","14932.589156,22047.868922,0.000000","","","",""
"823","centres","","fe826207-4ee3-41d4-823f-52608ac38454","point","17533.967882,19596.387431,0.000000","","","",""
"824","centres","","fea2cde0-e5e2-405d-8220-da099904133c","point","18759.163808,21318.589958,0.000000","","","",""
"825","centres","","ff393c44-46ae-4f84-8653-978662990e3e","point","16168.991682,19264.930993,0.000000","","","",""
"826","centres","","ff44f5e6-7520-44c6-bda2-c389515a762c","point","17028.616800,19292.300911,0.000000","","","",""
"827","centres","","ff53a7b8-5bc3-47d8-a794-523491ece683","point","18256.536180,21175.816548,0.000000","","","",""
"828","centres","","ffd0963e-dd33-4215-98aa-3b85e3c724c4","point","15938.401715,18944.533237,0.000000","","","",""
